,DMI
1900-01-01,-0.9299462807182239
1900-02-01,0.056635312658919745
1900-03-01,0.14952118725566754
1900-04-01,-0.3854703557290713
1900-05-01,0.48530995586777215
1900-06-01,0.7141687544868995
1900-07-01,0.2625364749120629
1900-08-01,-0.744908995447596
1900-09-01,-1.1982614370671956
1900-10-01,-0.9792270930442205
1900-11-01,-0.5223367271324721
1900-12-01,-0.19110279057605672
1901-01-01,0.07178075588493049
1901-02-01,-0.07561054809073253
1901-03-01,0.12420464110595408
1901-04-01,0.1362498365280877
1901-05-01,-0.5977329189024174
1901-06-01,-0.8209076921771474
1901-07-01,-0.832666404702781
1901-08-01,-0.9204068928130262
1901-09-01,-1.1956522764107034
1901-10-01,-0.8364878532325802
1901-11-01,-0.9468607270439827
1901-12-01,-0.9752952726723993
1902-01-01,-1.1743422669398729
1902-02-01,-0.8268670889970207
1902-03-01,-0.6759895479917122
1902-04-01,-0.3717283666800071
1902-05-01,-0.6141810973317207
1902-06-01,0.2991030144374358
1902-07-01,1.601507068724212
1902-08-01,1.7863230484653367
1902-09-01,2.0943494386252373
1902-10-01,2.0706490058674683
1902-11-01,1.596791615671483
1902-12-01,0.1158877662061244
1903-01-01,-0.5829166091767455
1903-02-01,-0.5181058484822905
1903-03-01,-0.39868144869437516
1903-04-01,-0.26924732488009373
1903-05-01,0.22938636317460226
1903-06-01,0.21445893076238787
1903-07-01,-0.5281292064336658
1903-08-01,0.2783357656372405
1903-09-01,-0.6686556678986624
1903-10-01,-1.4217387227573544
1903-11-01,-1.0158363684622453
1903-12-01,-0.023317672131888623
1904-01-01,0.7815566486477905
1904-02-01,1.4529720877342571
1904-03-01,1.366893537452259
1904-04-01,0.6875415221624732
1904-05-01,-0.09409363274040206
1904-06-01,-0.2940904101967625
1904-07-01,0.2022018914995003
1904-08-01,-0.001885155672936234
1904-09-01,-0.35266516922237656
1904-10-01,0.8503587806364783
1904-11-01,0.6058063890514934
1904-12-01,0.1030949920902412
1905-01-01,0.8907946023179716
1905-02-01,1.090226195823876
1905-03-01,0.11713649720123609
1905-04-01,-0.5757046599563531
1905-05-01,-0.7157794368320078
1905-06-01,-0.2914909250645098
1905-07-01,-0.12832108392579822
1905-08-01,0.31868866562032927
1905-09-01,-0.02979680958875086
1905-10-01,-0.008480809102920817
1905-11-01,-0.376530476062301
1905-12-01,-0.9399972290877325
1906-01-01,-0.16163608105181815
1906-02-01,0.06481691374037019
1906-03-01,-0.2574250901674184
1906-04-01,-0.32467702402569054
1906-05-01,-0.4024969934712458
1906-06-01,-0.22972429204145622
1906-07-01,-1.2943501285928167
1906-08-01,-2.2196874987353743
1906-09-01,-3.3393750543978102
1906-10-01,-2.609038843264823
1906-11-01,-2.07076909475298
1906-12-01,-1.011049081699463
1907-01-01,-1.186616158300055
1907-02-01,-1.3536271993358704
1907-03-01,-0.23924233418114782
1907-04-01,0.13631652392100224
1907-05-01,-0.45910720708221553
1907-06-01,-0.3521437226041306
1907-07-01,-0.5667554054514139
1907-08-01,-1.694627890564702
1907-09-01,-0.20724790175197816
1907-10-01,0.2069639715734587
1907-11-01,-0.1908988456831252
1907-12-01,0.3388917389450544
1908-01-01,0.14331169461065962
1908-02-01,-0.9599564406310446
1908-03-01,-0.6545266685684701
1908-04-01,-0.6702254554603388
1908-05-01,-0.08921611738492374
1908-06-01,0.557982587265488
1908-07-01,-0.5363382122846168
1908-08-01,-0.49612289584452723
1908-09-01,-0.37571670297481374
1908-10-01,-0.29236432036646753
1908-11-01,0.24102839312420277
1908-12-01,-0.568719574823666
1909-01-01,-0.43590345813200937
1909-02-01,0.02610874487140502
1909-03-01,-0.4065476898689897
1909-04-01,-1.1575843990963386
1909-05-01,-1.2968804173033996
1909-06-01,-2.105390597452807
1909-07-01,-1.8487142930105838
1909-08-01,-2.1562047192892346
1909-09-01,-1.943055724697383
1909-10-01,-1.6542632628436817
1909-11-01,-0.9558839377494441
1909-12-01,-0.46184657776831867
1910-01-01,-0.6748868942062275
1910-02-01,-0.12090348961778086
1910-03-01,-0.2550896608499743
1910-04-01,-0.537283669078384
1910-05-01,-0.9789969045812896
1910-06-01,-1.1069208868773743
1910-07-01,-1.0444691899975034
1910-08-01,-1.1205828912713929
1910-09-01,-2.1788655897262257
1910-10-01,-2.3484509859573883
1910-11-01,-1.4464000399484103
1910-12-01,-0.6942500985617832
1911-01-01,-0.15570017043236606
1911-02-01,-0.8649140174180582
1911-03-01,-1.8011504355707795
1911-04-01,-0.9707088867654795
1911-05-01,-0.9378671787116364
1911-06-01,-1.1984436411550687
1911-07-01,-1.1204106661358537
1911-08-01,-0.922890700738827
1911-09-01,-0.80560179319171
1911-10-01,-0.9791348439274772
1911-11-01,-0.7983344119754282
1911-12-01,-0.4578863559683575
1912-01-01,-0.2782844919260198
1912-02-01,0.011874768713851402
1912-03-01,0.2665443695454508
1912-04-01,-0.21940332810411217
1912-05-01,-0.28481303726635904
1912-06-01,0.6793685529304048
1912-07-01,-0.811865515426768
1912-08-01,-1.5179647456978365
1912-09-01,-1.1298880850399207
1912-10-01,-0.7029636610412411
1912-11-01,-1.031359458902866
1912-12-01,-0.9168022966781658
1913-01-01,0.11109547854857915
1913-02-01,0.4567467005346783
1913-03-01,0.5539877078440234
1913-04-01,0.5208294051234676
1913-05-01,0.7059833851159949
1913-06-01,0.8831194263460266
1913-07-01,0.5160729604197647
1913-08-01,0.3968675810199711
1913-09-01,-0.23049534254638682
1913-10-01,0.3374864457045784
1913-11-01,0.02828454812370007
1913-12-01,0.06289967904313143
1914-01-01,-0.09789936663784204
1914-02-01,0.22320433846455479
1914-03-01,0.054439126340753596
1914-04-01,-0.0544732599875849
1914-05-01,0.17274822910967946
1914-06-01,0.861270343131952
1914-07-01,0.5572848962231433
1914-08-01,-0.026210807802385327
1914-09-01,0.1306836230163837
1914-10-01,-0.7314543627856273
1914-11-01,-1.2385005709873536
1914-12-01,-1.458751490070465
1915-01-01,-1.024960583627538
1915-02-01,-1.402945784150814
1915-03-01,-0.6483383601133321
1915-04-01,0.14975285789667755
1915-05-01,-0.644253186947837
1915-06-01,-0.27882798544519866
1915-07-01,-0.8964696243417067
1915-08-01,-0.07454887300281143
1915-09-01,0.33149331235346047
1915-10-01,0.33540331404402907
1915-11-01,0.5649547703922537
1915-12-01,0.8639341290242135
1916-01-01,0.928028965721406
1916-02-01,0.1449632037923244
1916-03-01,0.48075997492870404
1916-04-01,0.3530155180134117
1916-05-01,0.2737663455996926
1916-06-01,-0.2550076611683122
1916-07-01,-0.2661676661793113
1916-08-01,-1.5416810396411647
1916-09-01,-2.2200346371111355
1916-10-01,-2.330362321625669
1916-11-01,-1.5423568553498024
1916-12-01,-0.7914342319012816
1917-01-01,-0.1377290921837856
1917-02-01,0.26023781723146766
1917-03-01,1.1515540073911226
1917-04-01,0.7505281290517734
1917-05-01,-0.40557608731605077
1917-06-01,-0.48900070924132516
1917-07-01,-1.27780035398709
1917-08-01,-0.6161193706544867
1917-09-01,-0.8672034298837749
1917-10-01,-2.0880117636682662
1917-11-01,-2.3321887622453406
1917-12-01,-1.1937994809608052
1918-01-01,0.7192511888469242
1918-02-01,1.4682104946255972
1918-03-01,1.7028657870685566
1918-04-01,-0.13195393630951524
1918-05-01,-1.6517228759525402
1918-06-01,-0.05487409671755006
1918-07-01,-1.4865753606486243
1918-08-01,0.34356573691330683
1918-09-01,0.5756224900598172
1918-10-01,0.7590401915022007
1918-11-01,0.3713237873633328
1918-12-01,0.47494397486695306
1919-01-01,0.37348544464305083
1919-02-01,-0.47916853073321264
1919-03-01,-0.19437366014096605
1919-04-01,0.501757908239687
1919-05-01,-0.31253775606749173
1919-06-01,-0.9355042674785118
1919-07-01,-0.4373463713231365
1919-08-01,-0.730997800036695
1919-09-01,-0.74550480616799
1919-10-01,-0.3340670196242435
1919-11-01,-0.3865419464425953
1919-12-01,-0.8261925451076255
1920-01-01,0.9111110083302144
1920-02-01,1.2733314305644452
1920-03-01,1.7973054388767262
1920-04-01,0.658838968259614
1920-05-01,-0.9656218101868906
1920-06-01,-1.0368253153120626
1920-07-01,-1.5617911148174999
1920-08-01,-1.9093210550336615
1920-09-01,-1.518316863347673
1920-10-01,-0.3362970968067044
1920-11-01,-0.5003164687472303
1920-12-01,-0.8765372031070708
1921-01-01,-0.7822991741297745
1921-02-01,0.38281140959279714
1921-03-01,1.3824970528647633
1921-04-01,-0.3273036369711936
1921-05-01,-0.3723167687080867
1921-06-01,-0.46587401634332426
1921-07-01,-0.434893183858448
1921-08-01,-1.4849108995560787
1921-09-01,-1.2373208410108405
1921-10-01,-1.0906998354721043
1921-11-01,-0.8032358929923121
1921-12-01,-1.1236313591664249
1922-01-01,-0.5884677798978959
1922-02-01,-0.056021792624504074
1922-03-01,0.39751799014462474
1922-04-01,-0.09553495696304548
1922-05-01,-0.2593134263081819
1922-06-01,-0.12141646119189908
1922-07-01,-0.20984194503081677
1922-08-01,-0.3400335209619769
1922-09-01,-0.16027560603310298
1922-10-01,0.029408768597733892
1922-11-01,-0.13702137902569422
1922-12-01,0.5951400377582992
1923-01-01,1.0980968495441663
1923-02-01,0.48919686005701657
1923-03-01,0.37704162364906313
1923-04-01,0.221516428554387
1923-05-01,0.1108778661067954
1923-06-01,0.6599743074470029
1923-07-01,-0.0546882512324679
1923-08-01,0.7424646764854931
1923-09-01,1.4931718847000326
1923-10-01,1.8284329928102203
1923-11-01,1.617798941949225
1923-12-01,0.3160301977208376
1924-01-01,0.0041812418438703924
1924-02-01,-0.25224622167992977
1924-03-01,-0.291303181870298
1924-04-01,-0.324551325981769
1924-05-01,-0.9680951046496689
1924-06-01,-0.2802200204013673
1924-07-01,0.10182609505702789
1924-08-01,0.14298376623443754
1924-09-01,0.0075753339370151496
1924-10-01,0.8626340889249471
1924-11-01,0.044068700749698486
1924-12-01,0.09080163097459315
1925-01-01,0.0018195201126368632
1925-02-01,0.2423725958653833
1925-03-01,0.4940010433105202
1925-04-01,0.9655022020887539
1925-05-01,-0.07779086134655444
1925-06-01,0.82333485578043
1925-07-01,0.8252794515729229
1925-08-01,0.8907260240663285
1925-09-01,1.6153891216238734
1925-10-01,1.8494038078491548
1925-11-01,1.1560273047369503
1925-12-01,0.636558643237309
1926-01-01,0.42504516306567997
1926-02-01,0.2131450776808962
1926-03-01,0.6356350512226921
1926-04-01,0.8618935355488415
1926-05-01,0.7158120907029781
1926-06-01,1.4745364869314241
1926-07-01,0.4258173826726233
1926-08-01,0.9125810404916365
1926-09-01,0.46355826280028045
1926-10-01,0.7584137278505357
1926-11-01,0.22365741944940143
1926-12-01,0.2723146747943339
1927-01-01,0.0553809183990881
1927-02-01,-0.021250050617254233
1927-03-01,0.039855215686496304
1927-04-01,0.42540113184385603
1927-05-01,-0.3090405040473603
1927-06-01,0.18398148612996224
1927-07-01,-0.8479581897261991
1927-08-01,-1.114674624996086
1927-09-01,-1.1772076711447856
1927-10-01,-0.6937989182910895
1927-11-01,0.353310873627216
1927-12-01,0.6191283681537666
1928-01-01,0.8176653761589872
1928-02-01,0.2593255766975109
1928-03-01,0.3450762142428872
1928-04-01,0.4674898493654508
1928-05-01,0.016799954425350205
1928-06-01,-0.3104117819240573
1928-07-01,-1.0268276417449917
1928-08-01,-0.6657060975695291
1928-09-01,-1.5648575254512913
1928-10-01,-1.0261934303055738
1928-11-01,-0.7249869980654056
1928-12-01,-0.8692314921093578
1929-01-01,0.010798178162874428
1929-02-01,0.25810395305978767
1929-03-01,0.5788812973579944
1929-04-01,0.12284633780373411
1929-05-01,-0.6459025086002568
1929-06-01,-0.01170265410393223
1929-07-01,0.4759474684680076
1929-08-01,0.3756314671642189
1929-09-01,0.8455617233393139
1929-10-01,0.2829363178514235
1929-11-01,0.31136977506674446
1929-12-01,0.5459056820230599
1930-01-01,-0.15645495350498373
1930-02-01,-0.05835968388469648
1930-03-01,-0.24123220470396545
1930-04-01,0.13164050182597442
1930-05-01,-0.763841769215801
1930-06-01,-0.34480157040411186
1930-07-01,-0.4613158747655568
1930-08-01,-0.543073658210322
1930-09-01,-1.034756555839334
1930-10-01,-0.20258784338124725
1930-11-01,0.33717291892235657
1930-12-01,0.06516618479807357
1931-01-01,-0.6983751783950372
1931-02-01,-0.6409549298667612
1931-03-01,-0.9114567633268644
1931-04-01,-0.013812520100538878
1931-05-01,0.5631281168996598
1931-06-01,0.04975027837975722
1931-07-01,0.045838892696010214
1931-08-01,-0.42474172166671154
1931-09-01,-0.5467513654740755
1931-10-01,-0.4985915128496714
1931-11-01,-0.253325229988571
1931-12-01,-0.7960683297881469
1932-01-01,-0.8366081649662531
1932-02-01,-1.0917573238182492
1932-03-01,-0.383603463259383
1932-04-01,0.33917582680138947
1932-05-01,0.35800280290798464
1932-06-01,0.4725184803514126
1932-07-01,-0.20200280338933352
1932-08-01,-0.4227780573496633
1932-09-01,-0.44808516807309307
1932-10-01,-1.1485049270811591
1932-11-01,-0.03791814682348327
1932-12-01,0.6048579745299614
1933-01-01,0.2225853405820659
1933-02-01,0.5768109111244197
1933-03-01,1.3755358287080446
1933-04-01,1.1112324018710171
1933-05-01,-0.0912431449827964
1933-06-01,-0.39745544663259
1933-07-01,-0.44176742370901567
1933-08-01,-0.8286892497379387
1933-09-01,-2.2838185918962446
1933-10-01,-1.7578921219125505
1933-11-01,-0.547852287425998
1933-12-01,-1.0595616032551058
1934-01-01,-1.3711396653472208
1934-02-01,0.08222409458926916
1934-03-01,0.7293370417378775
1934-04-01,0.6252407236001984
1934-05-01,0.2976895661364727
1934-06-01,0.47349811506290407
1934-07-01,0.44598755549401015
1934-08-01,1.1553689068341135
1934-09-01,0.13603427865816076
1934-10-01,-0.04267272863241711
1934-11-01,0.39282765170550527
1934-12-01,0.10281359730290214
1935-01-01,0.05366545080572044
1935-02-01,0.2735388227544123
1935-03-01,0.5865542577503097
1935-04-01,0.021284742724021366
1935-05-01,1.4727271816971381
1935-06-01,1.2184809565750718
1935-07-01,1.1138015448458902
1935-08-01,1.3151337832628909
1935-09-01,1.281723230964459
1935-10-01,0.8440749248759478
1935-11-01,1.5215661442219846
1935-12-01,1.5514028438522525
1936-01-01,1.3185009063201043
1936-02-01,0.11256406821600393
1936-03-01,0.638421362851051
1936-04-01,0.8536249597572343
1936-05-01,0.8195684709922987
1936-06-01,1.1102766016520649
1936-07-01,0.6153653608569668
1936-08-01,0.44102590864438485
1936-09-01,-0.36463642521797307
1936-10-01,-0.08308025783535339
1936-11-01,0.561955092193597
1936-12-01,-0.03623462465864931
1937-01-01,0.28675279360441397
1937-02-01,-0.21064574388852866
1937-03-01,0.31628736900365434
1937-04-01,-0.04136799247633438
1937-05-01,0.7300054597404401
1937-06-01,0.1551651659154376
1937-07-01,-0.2451266710996003
1937-08-01,0.26505021194145056
1937-09-01,0.4092640633067857
1937-10-01,0.08793835768909092
1937-11-01,-0.02485397871930059
1937-12-01,-0.10142042646883553
1938-01-01,-0.15387062859571024
1938-02-01,-0.3714678596203727
1938-03-01,-0.004011803717859863
1938-04-01,-0.32941030548050954
1938-05-01,0.30253878222342967
1938-06-01,-0.009270393217208905
1938-07-01,-0.6082629664025834
1938-08-01,-0.8510834468345554
1938-09-01,-0.6963617055488344
1938-10-01,-1.0459872186443573
1938-11-01,-0.3023529769965506
1938-12-01,-0.6496798331893159
1939-01-01,-0.009427520408840762
1939-02-01,0.4219272113906838
1939-03-01,0.5126069842316588
1939-04-01,-0.41711126812230903
1939-05-01,-0.15326551426297463
1939-06-01,0.6300319723563843
1939-07-01,0.5678413771040697
1939-08-01,-0.02961692424650253
1939-09-01,-0.23834825425244593
1939-10-01,0.41637851157285083
1939-11-01,0.4561226150296576
1939-12-01,0.6104037667988221
1940-01-01,0.4828752486845789
1940-02-01,0.9567228029366088
1940-03-01,-1.3580927127916573
1940-04-01,-1.6284592633676782
1940-05-01,-1.118102328482594
1940-06-01,0.6375018208747912
1940-07-01,0.9221842660139461
1940-08-01,-0.05566225198206576
1940-09-01,1.0053403127645655
1940-10-01,0.3988626206236058
1940-11-01,-0.2564978725257245
1940-12-01,-0.05508169249260553
1941-01-01,-0.9464540380070254
1941-02-01,-0.5537452652305849
1941-03-01,1.2446544730585556
1941-04-01,0.5162585789322576
1941-05-01,0.6374001364459585
1941-06-01,0.489881973761619
1941-07-01,1.0677751682415826
1941-08-01,0.9361862396810492
1941-09-01,0.4285383010104493
1941-10-01,0.2515075150557031
1941-11-01,-0.26618416957596813
1941-12-01,-0.3481039795366019
1942-01-01,-0.944915053831323
1942-02-01,-0.7254456900071558
1942-03-01,-0.362931091730448
1942-04-01,-0.5753193222017765
1942-05-01,-1.5063688463245266
1942-06-01,-1.654803285999328
1942-07-01,-1.8467889067045666
1942-08-01,-0.4435503890850271
1942-09-01,-0.5110596580283415
1942-10-01,-1.0193338570367036
1942-11-01,1.1109794728701703
1942-12-01,-0.8380045628855304
1943-01-01,-0.4623481130536509
1943-02-01,-1.3627032201208482
1943-03-01,-1.999074384069241
1943-04-01,-0.921982006826269
1943-05-01,-0.041823338756436956
1943-06-01,0.6033061738361427
1943-07-01,-0.27601550563523647
1943-08-01,-0.3204066656031249
1943-09-01,-1.470350058569418
1943-10-01,-3.199843392587027
1943-11-01,-3.881279904477399
1943-12-01,-1.5750489263161438
1944-01-01,-1.2492405423716466
1944-02-01,-1.0098580755680242
1944-03-01,-0.45619237062383544
1944-04-01,-0.03545485366790857
1944-05-01,1.88613392675733
1944-06-01,0.3773114988908519
1944-07-01,0.031290890047139475
1944-08-01,0.9161321087272629
1944-09-01,0.8622707029999728
1944-10-01,0.777378747952374
1944-11-01,0.07777907963105457
1944-12-01,-0.2882906652261912
1945-01-01,-0.38364339038166806
1945-02-01,-0.0017559132710436298
1945-03-01,-0.27984599299609847
1945-04-01,-0.613980269214445
1945-05-01,0.044501843162337525
1945-06-01,2.6774845569822823
1945-07-01,3.183563316800666
1945-08-01,2.4343480400223796
1945-09-01,1.6656199956432576
1945-10-01,-0.7199158009007564
1945-11-01,-0.5359915625065316
1945-12-01,-1.2620910468150648
1946-01-01,0.5245541496317035
1946-02-01,0.04736902895163497
1946-03-01,0.5805153471638365
1946-04-01,0.41514245756888113
1946-05-01,1.0811134871791515
1946-06-01,0.9335971358879601
1946-07-01,0.795212587536978
1946-08-01,1.5065897077554888
1946-09-01,1.2493705905906731
1946-10-01,0.9857102685603153
1946-11-01,1.3824773461157123
1946-12-01,0.19665666967076334
1947-01-01,0.6910383835262901
1947-02-01,1.6156418156424017
1947-03-01,1.4791847829916192
1947-04-01,1.5506922601810964
1947-05-01,1.752499628591517
1947-06-01,1.2046889858991985
1947-07-01,0.08269788143708301
1947-08-01,-0.009404324487539362
1947-09-01,-0.8546789674061315
1947-10-01,-0.3373659816283592
1947-11-01,0.6160845744997417
1947-12-01,0.9081813605991186
1948-01-01,0.010563671701984856
1948-02-01,0.2016731680080798
1948-03-01,0.6446877666611475
1948-04-01,0.3560987877105747
1948-05-01,0.36155389471037624
1948-06-01,0.7771980711550373
1948-07-01,0.48730970131756646
1948-08-01,0.2513288263829402
1948-09-01,-0.1338258984284778
1948-10-01,0.5208329452435825
1948-11-01,0.4304514694470244
1948-12-01,-0.676372760600223
1949-01-01,-0.018554861965228597
1949-02-01,1.0131464649762651
1949-03-01,0.5443979792082924
1949-04-01,0.6726748301041687
1949-05-01,-0.1368812760858994
1949-06-01,0.7461939377196515
1949-07-01,0.7557651771589068
1949-08-01,1.010229028006127
1949-09-01,1.0279508996819775
1949-10-01,1.0889586051703355
1949-11-01,0.1944923316493805
1949-12-01,-0.2587687605211473
1950-01-01,0.3400671152700788
1950-02-01,-0.9120228440203073
1950-03-01,-0.46528987813622863
1950-04-01,-0.023773364710660494
1950-05-01,0.34634563047180733
1950-06-01,0.08393760131665629
1950-07-01,0.1613079189730171
1950-08-01,0.11379870242120349
1950-09-01,-0.34648038742430176
1950-10-01,-0.49718254130230655
1950-11-01,-0.3662691411798775
1950-12-01,0.1841835722335201
1951-01-01,0.019520402936649806
1951-02-01,0.9846958489384329
1951-03-01,0.5626462354819107
1951-04-01,-0.24336184583496268
1951-05-01,0.5586612642991241
1951-06-01,0.1493909623571673
1951-07-01,-0.19822926279125497
1951-08-01,-0.10119984724828346
1951-09-01,0.38558516113051544
1951-10-01,0.11679380631396497
1951-11-01,1.0562682757063206
1951-12-01,0.6538703264536706
1952-01-01,0.547352049277898
1952-02-01,0.8431526176702098
1952-03-01,0.7533760209757792
1952-04-01,1.0948594972447052
1952-05-01,0.357767542359656
1952-06-01,-0.4580447908164539
1952-07-01,-0.650666299508859
1952-08-01,-0.8081359973880927
1952-09-01,-0.8231026747719921
1952-10-01,-1.0956226047076303
1952-11-01,0.1797397224146292
1952-12-01,0.5960242100181128
1953-01-01,1.2801084524364883
1953-02-01,1.1327491978028952
1953-03-01,0.9320066517799787
1953-04-01,0.08725019568372237
1953-05-01,1.4529257275533887
1953-06-01,0.7182700668890885
1953-07-01,-0.0024984913180198243
1953-08-01,0.2069151874471295
1953-09-01,0.5359092954786918
1953-10-01,-0.022075289134936726
1953-11-01,0.3232942695152785
1953-12-01,0.19612571039644733
1954-01-01,-0.7080837709715606
1954-02-01,-0.13986121144034205
1954-03-01,0.4438069369532589
1954-04-01,1.0222444237379853
1954-05-01,0.37359352760864906
1954-06-01,0.09896439091081422
1954-07-01,-0.8877012919295161
1954-08-01,-0.8257636880270608
1954-09-01,-1.4101266739698333
1954-10-01,-1.7225405384048453
1954-11-01,-0.13402684997783032
1954-12-01,-0.6423517498973667
1955-01-01,-0.4453561486108899
1955-02-01,-0.7285351523593366
1955-03-01,-0.07580491396420563
1955-04-01,0.15066099261477972
1955-05-01,-0.8395441603209943
1955-06-01,-0.6265513045370816
1955-07-01,-0.3754229233025851
1955-08-01,0.24803456484783626
1955-09-01,-1.0837295146876893
1955-10-01,-1.1931516392221257
1955-11-01,0.5019963437392714
1955-12-01,0.3561483846618646
1956-01-01,0.7533516788395531
1956-02-01,0.6148322589682168
1956-03-01,-0.17222007864748995
1956-04-01,-0.49419286592093487
1956-05-01,-0.9658820649143499
1956-06-01,-1.1508923257030033
1956-07-01,-1.2461734869351568
1956-08-01,-0.16175059504705835
1956-09-01,-1.259231466685885
1956-10-01,-1.3079749777343035
1956-11-01,-0.9622167141200908
1956-12-01,-0.48289211034106505
1957-01-01,-1.1103080023299006
1957-02-01,-0.7069152777887294
1957-03-01,0.17490550689198825
1957-04-01,0.40273603119710505
1957-05-01,0.7061546895925129
1957-06-01,-0.08655563945906858
1957-07-01,-0.13811914867466413
1957-08-01,0.2324474733759037
1957-09-01,0.43839805232948903
1957-10-01,0.2640096407585476
1957-11-01,-0.722025113676562
1957-12-01,-0.5812353254661518
1958-01-01,-0.4557905959905747
1958-02-01,-0.11802900892102114
1958-03-01,0.12615854453718364
1958-04-01,-0.5375178763572034
1958-05-01,-1.1233953380469022
1958-06-01,-1.799160174579209
1958-07-01,-1.5900663614729007
1958-08-01,-1.1078648412514873
1958-09-01,-1.8122184913668842
1958-10-01,-1.794092709283487
1958-11-01,-1.0774885650934687
1958-12-01,0.17515767499716745
1959-01-01,0.96020667749143
1959-02-01,0.3031050036796522
1959-03-01,-0.28948418716728974
1959-04-01,-0.5184992163228234
1959-05-01,-1.1296885523119191
1959-06-01,-1.0343679026607377
1959-07-01,-1.1320793867763677
1959-08-01,-0.847969561389635
1959-09-01,-0.5755227495054571
1959-10-01,-0.9191077581394719
1959-11-01,-0.6233472143526843
1959-12-01,-0.6753298011611739
1960-01-01,-0.8658719426929447
1960-02-01,-0.08199673677194771
1960-03-01,-0.4021487930923152
1960-04-01,-1.2634181074789053
1960-05-01,-1.806114813335219
1960-06-01,-1.3506420009800006
1960-07-01,-0.9337694461068176
1960-08-01,-1.337282238580145
1960-09-01,-1.4453372103112179
1960-10-01,-1.9957018442924792
1960-11-01,-2.0274791276134314
1960-12-01,-1.4159174496697666
1961-01-01,-0.33382826211178795
1961-02-01,0.38924335522205067
1961-03-01,0.7797979864141442
1961-04-01,-0.1629942749008986
1961-05-01,-0.18569366767582018
1961-06-01,0.7126957500864094
1961-07-01,1.8755343440369043
1961-08-01,2.025570850642664
1961-09-01,2.589882940809572
1961-10-01,2.4580793614025236
1961-11-01,1.6883999504647316
1961-12-01,1.0178966869815522
1962-01-01,1.4071659121118116
1962-02-01,1.5058702399030672
1962-03-01,0.8423211559884203
1962-04-01,0.34021326905609084
1962-05-01,-0.34680861309621736
1962-06-01,-0.30754177626172485
1962-07-01,-0.4462481377900069
1962-08-01,0.1529081289015996
1962-09-01,0.3292991844249048
1962-10-01,0.2852986022447127
1962-11-01,0.4296194951144639
1962-12-01,0.5597446240302851
1963-01-01,0.5816592527206432
1963-02-01,1.5540848723557183
1963-03-01,0.8147582285943189
1963-04-01,0.18115712850202453
1963-05-01,-0.6894473868572594
1963-06-01,-0.2731843544820685
1963-07-01,0.6071529212884266
1963-08-01,1.8630071067349787
1963-09-01,1.8700270943613604
1963-10-01,2.238086077156315
1963-11-01,1.6859593720517823
1963-12-01,0.8359339568886635
1964-01-01,-0.11341540898555424
1964-02-01,-0.6243026421904845
1964-03-01,0.4409065709507538
1964-04-01,0.21910119097474579
1964-05-01,-0.6616476373694733
1964-06-01,-0.36001744202523933
1964-07-01,-0.6968932361520419
1964-08-01,-0.8054777839515902
1964-09-01,-1.5664704924346442
1964-10-01,-0.821934034217292
1964-11-01,0.691275295428355
1964-12-01,0.6085243672502036
1965-01-01,0.2967680295392636
1965-02-01,-0.27754635146696455
1965-03-01,0.5486922301133788
1965-04-01,0.47962289323974416
1965-05-01,-0.012807437699843938
1965-06-01,-0.38880153932335293
1965-07-01,-0.3378500439762143
1965-08-01,0.5072879669510526
1965-09-01,0.1483837931707654
1965-10-01,0.6822828976116067
1965-11-01,0.5233205072926442
1965-12-01,-0.5005408730215096
1966-01-01,0.1593526908109228
1966-02-01,0.289603340816941
1966-03-01,0.2679187900830733
1966-04-01,0.10717533966235537
1966-05-01,-0.2732784414629138
1966-06-01,0.6723832708499589
1966-07-01,0.6125822819248198
1966-08-01,1.5484652001340975
1966-09-01,0.9679690861329271
1966-10-01,0.014635550651210721
1966-11-01,-0.36845164244325734
1966-12-01,0.3033229164022517
1967-01-01,-0.35352268606895765
1967-02-01,-0.23497200616549963
1967-03-01,1.3173124279003559
1967-04-01,0.571999274573862
1967-05-01,0.6659596425513544
1967-06-01,1.5076094265400461
1967-07-01,1.5583047480545091
1967-08-01,1.2614074526276515
1967-09-01,1.815785451063391
1967-10-01,1.9365146966892164
1967-11-01,1.2189446966288608
1967-12-01,0.6587913832898233
1968-01-01,0.1797497601846756
1968-02-01,1.083176345505998
1968-03-01,0.1604584377479814
1968-04-01,0.09417163920096816
1968-05-01,0.16146069999245022
1968-06-01,0.657378945981646
1968-07-01,0.37229548571271753
1968-08-01,0.023349974707350563
1968-09-01,-0.7068340780617841
1968-10-01,-0.2910755838822371
1968-11-01,-0.45825718760165046
1968-12-01,-0.33447297682097193
1969-01-01,0.135860014592589
1969-02-01,-0.16921794456053152
1969-03-01,0.3992682628143736
1969-04-01,0.025699432422234048
1969-05-01,-0.2792790412008139
1969-06-01,-0.7588107836508513
1969-07-01,-0.7606779132027766
1969-08-01,-0.5490333765671325
1969-09-01,0.0017050710865221252
1969-10-01,1.2262458270226955
1969-11-01,0.5513812154279683
1969-12-01,0.3300046865453481
1970-01-01,0.7104161818409307
1970-02-01,0.2962112824595242
1970-03-01,0.5505558736142021
1970-04-01,0.6405032700792206
1970-05-01,0.9016263947981609
1970-06-01,-0.37337572238898076
1970-07-01,-0.0869290095887803
1970-08-01,0.2544201142683287
1970-09-01,-0.5310523850839282
1970-10-01,-0.9600470673816184
1970-11-01,-0.6048905635435242
1970-12-01,-0.4271463428244885
1971-01-01,0.3717667845862609
1971-02-01,0.12398197748725992
1971-03-01,0.8831039064737368
1971-04-01,1.3848019563948877
1971-05-01,0.6264135607614488
1971-06-01,0.10199083595919567
1971-07-01,-0.1330873306010843
1971-08-01,-1.017715580852005
1971-09-01,-0.694433460647819
1971-10-01,-1.2866652733483748
1971-11-01,0.12165842119632869
1971-12-01,0.6276347511208782
1972-01-01,1.0081601868103316
1972-02-01,-0.1482910260807849
1972-03-01,0.5651787195605427
1972-04-01,0.39456326266254005
1972-05-01,1.135048872326238
1972-06-01,2.1794637693800736
1972-07-01,1.647766787248238
1972-08-01,1.5556147316974114
1972-09-01,2.0617805010315524
1972-10-01,2.001026399165302
1972-11-01,1.9701651456822744
1972-12-01,1.1420125186099024
1973-01-01,0.564139813734958
1973-02-01,-0.44900348235119214
1973-03-01,0.3803213908358646
1973-04-01,0.17846661487329063
1973-05-01,0.5074069969080366
1973-06-01,0.05647765352592893
1973-07-01,-0.03375438584097501
1973-08-01,-0.7008183576410929
1973-09-01,-0.9422826614109645
1973-10-01,-0.4636816437273369
1973-11-01,-0.1706675758794328
1973-12-01,-0.21525515663390304
1974-01-01,0.5853677390179022
1974-02-01,1.0410023527052186
1974-03-01,1.3727527783945919
1974-04-01,0.6564296088278451
1974-05-01,0.21968827463439672
1974-06-01,0.9749865348003164
1974-07-01,0.15560705879238537
1974-08-01,-0.06652618486425294
1974-09-01,-0.8163925401124406
1974-10-01,-0.6619956297722338
1974-11-01,-0.5822575044916601
1974-12-01,-0.48593462189482994
1975-01-01,-1.410048698800919
1975-02-01,-0.19304685760417106
1975-03-01,-0.5457636234804057
1975-04-01,0.49867776415920334
1975-05-01,0.20198776304705557
1975-06-01,1.0855403202690102
1975-07-01,1.027381750197605
1975-08-01,-0.3673149626473658
1975-09-01,-1.6991746992630703
1975-10-01,-2.045771192233629
1975-11-01,-0.9597652850166474
1975-12-01,-0.048438322176571735
1976-01-01,0.029236353555805228
1976-02-01,0.26443800543927565
1976-03-01,0.6912394922600201
1976-04-01,0.4584372814086075
1976-05-01,0.5701311366363435
1976-06-01,1.4782744350336343
1976-07-01,2.189330860078857
1976-08-01,1.2537018325898148
1976-09-01,0.21914621041182508
1976-10-01,-0.2907334498863585
1976-11-01,-0.27893688997639726
1976-12-01,0.7986518971929977
1977-01-01,0.4483061560679738
1977-02-01,-0.07087392180823895
1977-03-01,0.49110205029252973
1977-04-01,0.059118951426737454
1977-05-01,-0.21153785975541103
1977-06-01,0.6868069297552983
1977-07-01,0.5456600859433
1977-08-01,0.7662633258260575
1977-09-01,0.8582872450435505
1977-10-01,1.8119708629948175
1977-11-01,0.9723670679541279
1977-12-01,0.7365992933363035
1978-01-01,-1.4499623081133377
1978-02-01,-0.8717377345284268
1978-03-01,-0.2756515724975822
1978-04-01,-0.10606120494698013
1978-05-01,-0.1888100435128958
1978-06-01,0.5267429361946632
1978-07-01,0.4688133722351126
1978-08-01,0.320316276465055
1978-09-01,0.820439011884402
1978-10-01,0.6778579310045452
1978-11-01,-0.06209248867924433
1978-12-01,-0.4416282392573363
1979-01-01,0.7441625661978524
1979-02-01,-0.22834250102754527
1979-03-01,-0.2873794076655186
1979-04-01,0.045799093365879284
1979-05-01,0.2429980412730608
1979-06-01,1.158614657764361
1979-07-01,0.6121321732319094
1979-08-01,-0.0628046288808023
1979-09-01,-0.23722621151207918
1979-10-01,-0.17131227201378946
1979-11-01,-0.46127076196711786
1979-12-01,0.19065085849274976
1980-01-01,0.024627002695532196
1980-02-01,0.15929712586031874
1980-03-01,-0.3359177116662193
1980-04-01,0.8211774244764679
1980-05-01,1.1997858047479004
1980-06-01,-0.45137973309020313
1980-07-01,0.014348290013635245
1980-08-01,0.41416427271841194
1980-09-01,-0.7189168643687467
1980-10-01,-0.4910053786701726
1980-11-01,-0.19433672356276088
1980-12-01,0.3615755899461857
1981-01-01,0.33774229874800843
1981-02-01,0.652455568095312
1981-03-01,-0.0826418775382265
1981-04-01,0.9067155870992375
1981-05-01,0.4777545448541414
1981-06-01,-0.1977123300127076
1981-07-01,-0.5209800408858061
1981-08-01,-0.4990906139296071
1981-09-01,-0.8295155233926876
1981-10-01,-0.7921975653805885
1981-11-01,-0.19172623117027288
1981-12-01,-0.1701849009512208
1982-01-01,0.2680039340218755
1982-02-01,0.7771128766664889
1982-03-01,1.0531025204183941
1982-04-01,1.1733340081710724
1982-05-01,1.0189725576843156
1982-06-01,1.1265536104699956
1982-07-01,1.209035418594616
1982-08-01,1.141625692959299
1982-09-01,0.7306796524866859
1982-10-01,1.9753300004676178
1982-11-01,0.8210194269177671
1982-12-01,-0.3878763753476764
1983-01-01,-0.6558157544057012
1983-02-01,-0.8907512191499949
1983-03-01,-1.7140207576537827
1983-04-01,-1.687588500095985
1983-05-01,-0.26997473757197876
1983-06-01,1.1684790211703624
1983-07-01,1.974587873092153
1983-08-01,1.2945319606680867
1983-09-01,0.7200353185547406
1983-10-01,0.04590657677845039
1983-11-01,0.267826165240687
1983-12-01,-0.03125560050642734
1984-01-01,-0.2652059084288797
1984-02-01,-0.22720493121566143
1984-03-01,-0.0506815273771985
1984-04-01,0.9243676531895492
1984-05-01,-0.6211353681838172
1984-06-01,-0.5398789970571061
1984-07-01,-0.8527292070762876
1984-08-01,-0.5642524451957465
1984-09-01,-0.7323314535275263
1984-10-01,-0.24900990334453693
1984-11-01,-0.8633753608185917
1984-12-01,-0.3565673474885044
1985-01-01,-0.3484711965413816
1985-02-01,-0.5770551093143581
1985-03-01,-0.10764934246149618
1985-04-01,-0.36510098390065304
1985-05-01,0.29607161853809794
1985-06-01,-0.6298319552726026
1985-07-01,-0.05306162260501877
1985-08-01,-0.11366142223534373
1985-09-01,0.23523621931523836
1985-10-01,-0.3929795609568081
1985-11-01,0.5138635892704513
1985-12-01,0.09414387771085019
1986-01-01,0.16318864799198463
1986-02-01,0.48103978073686204
1986-03-01,0.7948886748427214
1986-04-01,0.47627269516200377
1986-05-01,0.5924081926339779
1986-06-01,0.1501858153167568
1986-07-01,-0.45105368999167844
1986-08-01,0.7206411640833754
1986-09-01,0.8524416046276517
1986-10-01,0.27803977301128385
1986-11-01,1.0966275668398415
1986-12-01,-0.10187389058778495
1987-01-01,-0.1251362186249767
1987-02-01,-0.6644219500808461
1987-03-01,-0.15387672222666615
1987-04-01,-0.6961278291709958
1987-05-01,0.42041883353662435
1987-06-01,0.3423184076578727
1987-07-01,0.004528677433052186
1987-08-01,0.8907957109870466
1987-09-01,0.9522518256322041
1987-10-01,0.7487073333981983
1987-11-01,-0.008779354457723043
1987-12-01,0.20478860127587495
1988-01-01,0.6141297147160125
1988-02-01,-0.232836992751007
1988-03-01,0.13976363080240795
1988-04-01,0.3773232328195507
1988-05-01,-1.3968863685591049
1988-06-01,-0.09819313320193113
1988-07-01,0.13520577416656754
1988-08-01,0.07087644717287889
1988-09-01,-0.5560663069752851
1988-10-01,-0.5341813151716297
1988-11-01,-0.4742514251060338
1988-12-01,0.03008141434972511
1989-01-01,-1.066506285381274
1989-02-01,0.20061404980132624
1989-03-01,-0.16207556211521257
1989-04-01,-0.41726865032592814
1989-05-01,-0.9791105604410153
1989-06-01,-1.242360636118575
1989-07-01,-0.30650631979971804
1989-08-01,-1.197867561882797
1989-09-01,-0.8249349317582352
1989-10-01,-1.1693157555306866
1989-11-01,-0.5167338994281703
1989-12-01,-0.1699473552376034
1990-01-01,0.7635232028119288
1990-02-01,-0.07796790993947234
1990-03-01,0.07310138582221315
1990-04-01,-0.27731841810024416
1990-05-01,-1.1945651651389757
1990-06-01,-0.529226191372512
1990-07-01,0.1575210994256797
1990-08-01,-0.3847703499265138
1990-09-01,-0.9068282688537572
1990-10-01,-1.6847442856414787
1990-11-01,-0.6898003873085662
1990-12-01,-0.4962859675370215
1991-01-01,0.20900530608529766
1991-02-01,0.2161171187747266
1991-03-01,0.04383952353437359
1991-04-01,1.4740732663161347
1991-05-01,1.7167145207814871
1991-06-01,0.6868922360098539
1991-07-01,0.2827580656498224
1991-08-01,-0.12196584659420007
1991-09-01,0.3782806124999444
1991-10-01,0.8647866332452172
1991-11-01,1.1768685127319969
1991-12-01,0.952787655365853
1992-01-01,-0.5378719849158172
1992-02-01,-1.1046131541164157
1992-03-01,-1.1159602883683737
1992-04-01,-1.0725337524145433
1992-05-01,-1.023334548620142
1992-06-01,-1.651536096719607
1992-07-01,-0.8199126091456004
1992-08-01,-1.717271379228245
1992-09-01,-1.202286932534903
1992-10-01,-0.7036623075522147
1992-11-01,0.12463949131435714
1992-12-01,-0.25171235894140187
1993-01-01,0.029203609395145824
1993-02-01,0.09417696256167396
1993-03-01,-0.5567187065865312
1993-04-01,0.02700704299304335
1993-05-01,0.8443607805165172
1993-06-01,0.47686368096052567
1993-07-01,0.8197203318669659
1993-08-01,-0.01336601051860753
1993-09-01,-0.4623351624174818
1993-10-01,-0.38620804462487485
1993-11-01,-0.2142205570090886
1993-12-01,-0.25058028324160597
1994-01-01,0.12720383003453406
1994-02-01,-0.5343267079394647
1994-03-01,-0.21408475905815827
1994-04-01,0.8829357145443603
1994-05-01,1.8288488529933689
1994-06-01,0.8892995135734612
1994-07-01,1.3518745378085293
1994-08-01,1.8106287324980435
1994-09-01,1.776304296794919
1994-10-01,3.033554849099543
1994-11-01,0.6788329677960054
1994-12-01,-0.1993455815659283
1995-01-01,-0.3320436685802338
1995-02-01,0.8217017750406562
1995-03-01,0.45622188810958547
1995-04-01,0.38368631414179233
1995-05-01,0.011507128383313803
1995-06-01,-0.03329251985782711
1995-07-01,-0.9869751767043401
1995-08-01,-0.7870978388468498
1995-09-01,-0.13209056727857704
1995-10-01,-0.3359938736897028
1995-11-01,-1.1726490996700434
1995-12-01,0.46318613274447457
1996-01-01,0.9073637623333135
1996-02-01,0.5736910800210892
1996-03-01,-0.04444285730902653
1996-04-01,-1.3833487794603987
1996-05-01,-0.7282712189485471
1996-06-01,-1.1334198876697363
1996-07-01,-1.0320509425013402
1996-08-01,-1.497014993104385
1996-09-01,-1.228880628736461
1996-10-01,-1.948286227852663
1996-11-01,-1.573659405186728
1996-12-01,-0.5691672693845118
1997-01-01,-0.015556783865193935
1997-02-01,0.32161115947893915
1997-03-01,0.2940390378974211
1997-04-01,0.33183402749249535
1997-05-01,-0.2188474578658477
1997-06-01,0.22391027688880816
1997-07-01,1.1087014199194964
1997-08-01,1.4296727931350124
1997-09-01,2.0860893423334614
1997-10-01,2.7781039348865626
1997-11-01,3.6041169626142024
1997-12-01,2.153487426038218
1998-01-01,1.7416665557410698
1998-02-01,0.30850017511626904
1998-03-01,0.014821636494561474
1998-04-01,-0.22540908994784692
1998-05-01,0.07216797323772006
1998-06-01,0.08297645515908325
1998-07-01,-1.1511243516717145
1998-08-01,-1.128868904690728
1998-09-01,-1.351543120673506
1998-10-01,-1.6706189596382688
1998-11-01,-1.8903359837557834
1998-12-01,-0.8247993262356506
1999-01-01,-0.7412914686236745
1999-02-01,0.16361079096300468
1999-03-01,0.5259718503743331
1999-04-01,-0.13548238071023228
1999-05-01,-0.4979968849300105
1999-06-01,-0.18816193047012697
1999-07-01,0.3969423292712077
1999-08-01,0.46154663216429725
1999-09-01,0.05328313209169344
1999-10-01,-0.5981960928522473
1999-11-01,-0.5872558564641718
1999-12-01,-0.1063515325918647
2000-01-01,-0.07880507115979285
2000-02-01,0.8864939673626246
2000-03-01,1.038079385770922
2000-04-01,0.496753119154871
2000-05-01,0.3307681628465182
2000-06-01,0.07411976662788503
2000-07-01,0.1414453725736734
2000-08-01,-0.006899447540733128
2000-09-01,0.12374885643681877
2000-10-01,-0.19323673778991268
2000-11-01,0.08350613036716026
2000-12-01,0.33133406617697114
2001-01-01,0.47637163184427117
2001-02-01,0.9865557815961277
2001-03-01,0.8379028396369997
2001-04-01,0.08960674705407423
2001-05-01,-0.32821864843624127
2001-06-01,-0.32421979182756555
2001-07-01,-1.3678032045875452
2001-08-01,-0.4620393453076368
2001-09-01,-0.6944079224907566
2001-10-01,-0.7952187429231259
2001-11-01,-0.02980311881609643
2001-12-01,0.36619681345251287
2002-01-01,-0.18600299505644702
2002-02-01,0.11652039347653576
2002-03-01,-0.6630944022192315
2002-04-01,-1.0354334512202812
2002-05-01,-1.2275916651029295
2002-06-01,-0.6289350766467977
2002-07-01,-0.38317323152458427
2002-08-01,-0.46704755161330613
2002-09-01,1.346244746694472
2002-10-01,1.7100900740967355
2002-11-01,0.6697232408274509
2002-12-01,-0.1681497965734262
2003-01-01,-0.9381930840766126
2003-02-01,-0.10703315200784447
2003-03-01,0.3607414271758673
2003-04-01,0.07704627303320599
2003-05-01,0.704032740656354
2003-06-01,1.0831512606150193
2003-07-01,1.0343588913599966
2003-08-01,0.9636059369404334
2003-09-01,0.41515994714995563
2003-10-01,0.08459875809737616
2003-11-01,-0.26442531539214253
2003-12-01,0.41319487881733585
2004-01-01,-0.144095102306816
2004-02-01,-0.4523713169040078
2004-03-01,-0.057287819079016145
2004-04-01,-0.1294208180087304
2004-05-01,-0.6487937358037769
2004-06-01,-0.5714650453558459
2004-07-01,-0.224277985691141
2004-08-01,0.28807048832872995
2004-09-01,0.41667034533560265
2004-10-01,0.2682059393276668
2004-11-01,0.07530815215345066
2004-12-01,0.11563953413229533
2005-01-01,-0.6874027658990176
2005-02-01,-1.657905755761902
2005-03-01,-1.1662733578294886
2005-04-01,0.18595468592630615
2005-05-01,0.5310333312746871
2005-06-01,0.20625151256288277
2005-07-01,-0.7795403975003813
2005-08-01,-0.4658167536571618
2005-09-01,-1.2064796428214333
2005-10-01,-0.8803062948007258
2005-11-01,-0.7520326837123716
2005-12-01,-0.5222230281382956
2006-01-01,0.11643593001326236
2006-02-01,-0.9085200828882287
2006-03-01,-0.507844549627021
2006-04-01,-0.28362536404585936
2006-05-01,-0.5365323371075237
2006-06-01,-0.4043483157738752
2006-07-01,0.30636331466801925
2006-08-01,0.6297047155268998
2006-09-01,1.7492023367006924
2006-10-01,2.3085042144761303
2006-11-01,1.8751295692022416
2006-12-01,0.8907875935646248
2007-01-01,0.5590716569945418
2007-02-01,0.07736914330534495
2007-03-01,0.5538959133074322
2007-04-01,0.4030108331488398
2007-05-01,1.0987974891391223
2007-06-01,0.8528156323037814
2007-07-01,0.9538619588550602
2007-08-01,0.8050365840074147
2007-09-01,1.050286692069621
2007-10-01,0.5007420183609138
2007-11-01,0.019577852283611863
2007-12-01,-0.4678838217480026
2008-01-01,-0.2979842106534236
2008-02-01,-0.08729085128336045
2008-03-01,0.10570762578517574
2008-04-01,-0.5246387339677022
2008-05-01,0.6468326419737771
2008-06-01,1.3808308453364644
2008-07-01,1.2863532064655214
2008-08-01,1.1303585962842466
2008-09-01,0.2704392971099814
2008-10-01,0.4493640121392397
2008-11-01,0.11078364369130622
2008-12-01,-0.11423209184518679
2009-01-01,-0.1536182137554235
2009-02-01,0.944980926646216
2009-03-01,0.7887837437403803
2009-04-01,0.23468045468146492
2009-05-01,0.38652320755556113
2009-06-01,0.2666098407463311
2009-07-01,-0.9219647526875614
2009-08-01,-0.4669697119911511
2009-09-01,-0.19000346033554094
2009-10-01,-0.3512269204743006
2009-11-01,-0.07054955437062982
2009-12-01,0.3224528676812186
2010-01-01,1.2774619448031517
2010-02-01,0.9161188969691205
2010-03-01,0.5321627589964124
2010-04-01,0.805066409701169
2010-05-01,-0.28958256663592774
2010-06-01,0.17769534521750163
2010-07-01,-0.29573342551787074
2010-08-01,-0.7267239652329782
2010-09-01,-1.8222789907777766
2010-10-01,-1.3441802159013985
2010-11-01,-0.801853725324343
2010-12-01,-0.13327302012809872
2011-01-01,0.11441282623256804
2011-02-01,0.2527488114466421
2011-03-01,0.6778227945574823
2011-04-01,0.2233759049524061
2011-05-01,0.13992505602514194
2011-06-01,0.3603325068200327
2011-07-01,0.5955495502505317
2011-08-01,0.6344275082704791
2011-09-01,0.9706653247121981
2011-10-01,1.0083256689246443
2011-11-01,0.037465769200632604
2011-12-01,0.23742801405620662
2012-01-01,0.4875224655919148
2012-02-01,0.17512903640407407
2012-03-01,1.0046794912428134
2012-04-01,0.2563046019108155
2012-05-01,0.0743344295443833
2012-06-01,0.48415023788157874
2012-07-01,1.120805128937513
2012-08-01,1.967409644863645
2012-09-01,1.108158845342094
2012-10-01,1.3577743641466131
2012-11-01,0.1915671958999594
2012-12-01,0.3758134769658754
2013-01-01,0.4345702204340056
2013-02-01,-0.03674385114774159
2013-03-01,-0.10814806551242429
2013-04-01,-0.39171091850241235
2013-05-01,-0.6906141223258551
2013-06-01,-0.30588423338160076
2013-07-01,-0.3346890216980003
2013-08-01,-0.11185507193422417
2013-09-01,-0.33183959302170307
2013-10-01,0.13337343349188102
2013-11-01,-0.07789496805484286
2013-12-01,-0.015904700447721742
2014-01-01,-0.11186662940696634
2014-02-01,-0.044028545831132915
2014-03-01,-0.33021513790119617
2014-04-01,-0.520184251846634
2014-05-01,-0.003489619569947644
2014-06-01,-0.07748297998514242
2014-07-01,-0.7411338386813948
2014-08-01,-0.9859120251421809
2014-09-01,-1.003342248055711
2014-10-01,0.006700233888418561
2014-11-01,0.4948768869929725
2014-12-01,-0.09559849596817904
