ISOdate,Year,Month,soi3m,nino5m,CEI,category,code
1950-01-01,1950,1,,,,,
1950-02-01,1950,2,,,,,
1950-03-01,1950,3,1.5303727458131862,,,,
1950-04-01,1950,4,1.9089728788318063,,,,
1950-05-01,1950,5,1.7283885849699965,-1.9382660408391443,-3.666654625809141,CEI NINA,-3.0
1950-06-01,1950,6,2.1732026473737918,-1.7750018043277205,-3.9482044517015122,CEI NINA,-3.0
1950-07-01,1950,7,2.508829139202625,-1.5863517227948938,-4.095180861997519,CEI NINA,-3.0
1950-08-01,1950,8,2.6758662052137807,-1.5002993855178821,-4.176165590731663,CEI NINA,-3.0
1950-09-01,1950,9,1.7184643662977572,-1.406136554623812,-3.1246009209215693,CEI NINA,-3.0
1950-10-01,1950,10,1.4809128475260704,-1.1898296898568108,-2.670742537382881,CEI NINA,-3.0
1950-11-01,1950,11,1.330698903466151,-1.1720677088354468,-2.5027666123015977,CEI NINA,-3.0
1950-12-01,1950,12,1.9301469481916498,-1.2535781696869035,-3.183725117878553,CEI NINA,-3.0
1951-01-01,1951,1,1.8406526963845524,-1.3180565939425342,-3.158709290327087,CEI NINA,-3.0
1951-02-01,1951,2,1.762411877412883,-1.3180565939425342,-3.080468471355417,CEI NINA,-3.0
1951-03-01,1951,3,1.0121769341036924,-1.2639596015167416,-2.276136535620434,CEI NINA,-3.0
1951-04-01,1951,4,0.49183614189579944,-1.1329751296012143,-1.6248112714970138,NINO3.4 NINA,-1.0
1951-05-01,1951,5,0.01640291390559272,-0.8993118084937018,-0.9157147223992945,NINO3.4 NINA,-1.0
1951-06-01,1951,6,0.2678875096534549,-0.6606199813436161,-0.928507490997071,NINO3.4 NINA,-1.0
1951-07-01,1951,7,-0.08030333595810403,-0.29678323768228515,-0.21647990172418113,Neutral,0.0
1951-08-01,1951,8,0.14770089657871538,-0.04284368253212186,-0.19054457911083725,Neutral,0.0
1951-09-01,1951,9,-0.4545403219821297,0.25813673559698985,0.7126770575791195,Neutral,0.0
1951-10-01,1951,10,-0.3912762116275949,0.46957730419375465,0.8608535158213495,Neutral,0.0
1951-11-01,1951,11,-0.6045980717594955,0.7063226128757504,1.310920684635246,NINO3.4 NINO,1.0
1951-12-01,1951,12,-0.43889749518725285,0.7026728907480748,1.1415703859353277,NINO3.4 NINO,1.0
1952-01-01,1952,1,-0.5047868898268231,0.6406276145775627,1.1454145044043857,NINO3.4 NINO,1.0
1952-02-01,1952,2,-0.5707462496911143,0.4654409524490565,1.0361872021401708,Neutral,0.0
1952-03-01,1952,3,-0.3288295170135896,0.30785406146957234,0.6366835784831619,Neutral,0.0
1952-04-01,1952,4,-0.18736977978156902,0.14686076317092375,0.33423054295249277,Neutral,0.0
1952-05-01,1952,5,0.3411080299095023,0.06178168512796036,-0.27932634478154195,Neutral,0.0
1952-06-01,1952,6,0.6309212883041392,-0.0693649966599108,-0.70028628496405,Neutral,0.0
1952-07-01,1952,7,0.9703177987164485,-0.19459101810732404,-1.1649088168237727,Neutral,0.0
1952-08-01,1952,8,0.6021502694003591,-0.3056236757248806,-0.9077739451252397,Neutral,0.0
1952-09-01,1952,9,0.03555714212028723,-0.39638009929978896,-0.43193724142007617,Neutral,0.0
1952-10-01,1952,10,-0.030234382388073418,-0.47691730091719997,-0.44668291852912656,Neutral,0.0
1952-11-01,1952,11,-0.034753357139275215,-0.4810536526618989,-0.44630029552262374,Neutral,0.0
1952-12-01,1952,12,-0.34833196213623563,-0.384944303299731,-0.03661234116349538,Neutral,0.0
1953-01-01,1953,1,-0.37621583100355394,-0.22800625180961154,0.1482095791939424,Neutral,0.0
1953-02-01,1953,2,-0.47506549171385365,-0.06985162627693244,0.40521386543692123,Neutral,0.0
1953-03-01,1953,3,-0.09319620143303753,0.07670499338334992,0.16990119481638744,Neutral,0.0
1953-04-01,1953,4,-0.10629910439791329,0.2636518712565951,0.3699509756545084,Neutral,0.0
1953-05-01,1953,5,-1.0663654063154184,0.3951229727891456,1.461488379104564,SOI NINO,2.0
1953-06-01,1953,6,-0.9488203606533673,0.4318635088744259,1.3806838695277932,Neutral,0.0
1953-07-01,1953,7,-1.0280207722858583,0.40396341083173753,1.431984183117596,SOI NINO,2.0
1953-08-01,1953,8,-0.46426378131605367,0.3756577881081975,0.8399215694242512,Neutral,0.0
1953-09-01,1953,9,-0.9989993532335721,0.3530295109165963,1.3520288641501685,Neutral,0.0
1953-10-01,1953,10,-0.9442825438619512,0.3162889748313117,1.260571518693263,Neutral,0.0
1953-11-01,1953,11,-0.49403954508368253,0.29025429032054956,0.7842938354042321,Neutral,0.0
1953-12-01,1953,12,-0.14695464592573504,0.3036366047887001,0.4505912507144351,Neutral,0.0
1954-01-01,1954,1,0.01969214405623976,0.3340509558526767,0.31435881179643693,Neutral,0.0
1954-02-01,1954,2,0.03693551236750587,0.3559492886187399,0.31901377625123406,Neutral,0.0
1954-03-01,1954,3,0.2776231987754006,0.2713568401927999,-0.006266358582600717,Neutral,0.0
1954-04-01,1954,4,0.344816403718843,-0.008860714276636846,-0.35367711799547985,Neutral,0.0
1954-05-01,1954,5,0.6855254095755908,-0.28615849104393165,-0.9716839006195225,Neutral,0.0
1954-06-01,1954,6,0.6642181789551201,-0.558427761768654,-1.2226459407237742,NINO3.4 NINA,-1.0
1954-07-01,1954,7,0.5882084694844283,-0.873439333855281,-1.4616478033397093,NINO3.4 NINA,-1.0
1954-08-01,1954,8,0.8031631772808028,-1.1353271727501622,-1.938490350030965,NINO3.4 NINA,-1.0
1954-09-01,1954,9,0.869078784096488,-1.2625808176018432,-2.131659601698331,NINO3.4 NINA,-1.0
1954-10-01,1954,10,0.7767188727348017,-1.3698826481555535,-2.1466015208903553,NINO3.4 NINA,-1.0
1954-11-01,1954,11,0.4059336687292694,-1.4445802943686779,-1.8505139630979472,NINO3.4 NINA,-1.0
1954-12-01,1954,12,0.7258258934820074,-1.5455559399010794,-2.271381833383087,NINO3.4 NINA,-1.0
1955-01-01,1955,1,0.43982145510229226,-1.529740477347812,-1.9695619324501044,NINO3.4 NINA,-1.0
1955-02-01,1955,2,0.8243593945893595,-1.4032167769216692,-2.2275761715110285,NINO3.4 NINA,-1.0
1955-03-01,1955,3,0.5925337286605996,-1.3247883036446948,-1.9173220323052944,NINO3.4 NINA,-1.0
1955-04-01,1955,4,0.7677659309866034,-1.3422258649213736,-2.109991795907977,NINO3.4 NINA,-1.0
1955-05-01,1955,5,0.8671340529930228,-1.325112723389375,-2.192246776382398,NINO3.4 NINA,-1.0
1955-06-01,1955,6,1.4112071139659825,-1.3248694085808665,-2.736076522546849,CEI NINA,-3.0
1955-07-01,1955,7,2.2254121590071487,-1.3333043219426093,-3.558716480949758,CEI NINA,-3.0
1955-08-01,1955,8,2.27885061698891,-1.4224386467941026,-3.7012892637830124,CEI NINA,-3.0
1955-09-01,1955,9,1.9956108381635838,-1.4377674797303492,-3.4333783178939328,CEI NINA,-3.0
1955-10-01,1955,10,1.7722941058587054,-1.6521278260292576,-3.424421931887963,CEI NINA,-3.0
1955-11-01,1955,11,1.6167353558612907,-1.9725734288393137,-3.5893087847006044,CEI NINA,-3.0
1955-12-01,1955,12,1.4593544665669287,-2.251168884585339,-3.7105233511522675,CEI NINA,-3.0
1956-01-01,1956,1,1.2578726973130914,-2.2669843471386075,-3.524857044451699,CEI NINA,-3.0
1956-02-01,1956,2,1.1752123999521211,-2.176957867989236,-3.352170267941357,CEI NINA,-3.0
1956-03-01,1956,3,1.2992027528460308,-1.8308831053492667,-3.1300858581952973,CEI NINA,-3.0
1956-04-01,1956,4,1.305247173285573,-1.4395517883260986,-2.7447989616116715,CEI NINA,-3.0
1956-05-01,1956,5,1.6689780709990545,-1.091530507218033,-2.7605085782170873,CEI NINA,-3.0
1956-06-01,1956,6,1.8269594710856039,-0.9233999745363739,-2.750359445621978,CEI NINA,-3.0
1956-07-01,1956,7,1.9800296836718287,-0.941567480238589,-2.921597163910418,CEI NINA,-3.0
1956-08-01,1956,8,1.711752705771243,-1.016102916579374,-2.727855622350617,CEI NINA,-3.0
1956-09-01,1956,9,1.0856183206884464,-1.0362980456858566,-2.121916366374303,CEI NINA,-3.0
1956-10-01,1956,10,1.2371027470716143,-1.1046695068776777,-2.341772253949292,CEI NINA,-3.0
1956-11-01,1956,11,0.7751493958222205,-1.2012654858568654,-1.9764148816790859,NINO3.4 NINA,-1.0
1956-12-01,1956,12,1.1559901059461322,-1.2195140964952504,-2.3755042024413826,CEI NINA,-3.0
1957-01-01,1957,1,0.651800619402862,-1.1136721547926118,-1.7654727741954739,NINO3.4 NINA,-1.0
1957-02-01,1957,2,0.577002302760002,-0.9506512330896975,-1.5276535358496994,NINO3.4 NINA,-1.0
1957-03-01,1957,3,0.3041968968659852,-0.6386405436413821,-0.9428374405073674,NINO3.4 NINA,-1.0
1957-04-01,1957,4,0.22468988755374622,-0.2400097823628601,-0.46469966991660633,Neutral,0.0
1957-05-01,1957,5,-0.10363341945366844,0.16397390470292147,0.26760732415658994,Neutral,0.0
1957-06-01,1957,6,-0.15667043310201387,0.44889554547025207,0.6055659785722659,Neutral,0.0
1957-07-01,1957,7,-0.20268932698896733,0.7129732176417404,0.9156625446307077,NINO3.4 NINO,1.0
1957-08-01,1957,8,-0.09902836566520108,0.8355227761955247,0.9345511418607259,NINO3.4 NINO,1.0
1957-09-01,1957,9,-0.5465389773397981,0.8761563492169954,1.4226953265567934,NINO3.4 NINO,1.0
1957-10-01,1957,10,-0.6151742445901086,0.8807793305787186,1.4959535751688273,NINO3.4 NINO,1.0
1957-11-01,1957,11,-0.787331297500922,0.9934340869196893,1.7807653844206113,NINO3.4 NINO,1.0
1957-12-01,1957,12,-0.509132319575109,1.1284738056437464,1.6376061252188554,NINO3.4 NINO,1.0
1958-01-01,1958,1,-1.073200322068395,1.3413742630915828,2.414574585159978,CEI NINO,3.0
1958-02-01,1958,2,-0.8187350357576015,1.5530581464968607,2.3717931822544625,NINO3.4 NINO,1.0
1958-03-01,1958,3,-0.6153399505060958,1.6290534716887173,2.244393422194813,NINO3.4 NINO,1.0
1958-04-01,1958,4,0.06338221312445431,1.5069905427519596,1.4436083296275053,NINO3.4 NINO,1.0
1958-05-01,1958,5,0.026538275348111685,1.2759225796019096,1.249384304253798,NINO3.4 NINO,1.0
1958-06-01,1958,6,0.08764417292891304,0.9501240510045889,0.8624798780756758,NINO3.4 NINO,1.0
1958-07-01,1958,7,0.09476205274856125,0.6156472942370163,0.520885241488455,NINO3.4 NINO,1.0
1958-08-01,1958,8,0.6917408310795891,0.3634920476826075,-0.32824878339698155,Neutral,0.0
1958-09-01,1958,9,0.4107157510501589,0.14864507176667405,-0.2620706792834848,Neutral,0.0
1958-10-01,1958,10,0.267120252062217,-0.002453424319163369,-0.26957367638138036,Neutral,0.0
1958-11-01,1958,11,-0.300442023964674,-0.052819589681107164,0.24762243428356684,Neutral,0.0
1958-12-01,1958,12,-0.3939521608322315,-0.08323394074508295,0.31071822008714856,Neutral,0.0
1959-01-01,1959,1,-0.661943600187517,0.037206889468264844,0.6991504896557819,Neutral,0.0
1959-02-01,1959,2,-0.8680473331408295,0.2196929958521248,1.0877403289929544,Neutral,0.0
1959-03-01,1959,3,-0.21345389520387162,0.31758665381004464,0.5310405490139163,Neutral,0.0
1959-04-01,1959,4,0.26080062754124983,0.3123148329589567,0.05151420541770685,Neutral,0.0
1959-05-01,1959,5,0.8550385776431495,0.26616612427788433,-0.5888724533652652,Neutral,0.0
1959-06-01,1959,6,0.3211420923804627,0.06689129610670604,-0.2542507962737567,Neutral,0.0
1959-07-01,1959,7,-0.0337777474076802,-0.20918990661803166,-0.17541215921035147,Neutral,0.0
1959-08-01,1959,8,-0.33023344701432533,-0.4102490433849594,-0.08001559637063405,Neutral,0.0
1959-09-01,1959,9,-0.22658282245668163,-0.6031976865348289,-0.37661486407814726,NINO3.4 NINA,-1.0
1959-10-01,1959,10,0.14030851425187169,-0.6667028515564127,-0.8070113658082845,NINO3.4 NINA,-1.0
1959-11-01,1959,11,0.5876216712668875,-0.6830049437267026,-1.27062661499359,NINO3.4 NINA,-1.0
1959-12-01,1959,12,0.8951062253476717,-0.5698635577687078,-1.4649697831163795,NINO3.4 NINA,-1.0
1960-01-01,1960,1,0.7153983819781544,-0.5248503181940226,-1.240248700172177,NINO3.4 NINA,-1.0
1960-02-01,1960,2,0.3261882551770712,-0.5005188373428419,-0.826707092519913,NINO3.4 NINA,-1.0
1960-03-01,1960,3,0.35418175107334143,-0.49751795470453014,-0.8516997057778716,Neutral,0.0
1960-04-01,1960,4,0.6382272045582993,-0.46629255427884553,-1.104519758837145,Neutral,0.0
1960-05-01,1960,5,0.9660550281194406,-0.4759440416831463,-1.4419990698025869,Neutral,0.0
1960-06-01,1960,6,0.6855752687239355,-0.48300017112999233,-1.1685754398539279,Neutral,0.0
1960-07-01,1960,7,0.6128721246993638,-0.3965423091721278,-1.0094144338714917,Neutral,0.0
1960-08-01,1960,8,0.6552366535607604,-0.32752200849094204,-0.9827586620517025,Neutral,0.0
1960-09-01,1960,9,0.8401070036471956,-0.3136530644057708,-1.1537600680529665,Neutral,0.0
1960-10-01,1960,10,0.6338848733081149,-0.3503936004910554,-0.9842784737991703,Neutral,0.0
1960-11-01,1960,11,0.51815472904744,-0.3374979156399274,-0.8556526446873673,Neutral,0.0
1960-12-01,1960,12,0.5307535254278785,-0.3557465262783123,-0.8865000517061907,Neutral,0.0
1961-01-01,1961,1,0.4288381327394057,-0.40805921010835305,-0.8368973428477587,Neutral,0.0
1961-02-01,1961,2,0.43061332668813906,-0.40562606202323537,-0.8362393887113744,Neutral,0.0
1961-03-01,1961,3,-0.415100605517513,-0.378293698533742,0.03680690698377098,Neutral,0.0
1961-04-01,1961,4,0.01226370434897351,-0.35436774236341206,-0.36663144671238557,Neutral,0.0
1961-05-01,1961,5,-0.06527113114788535,-0.300757379554641,-0.23548624840675564,Neutral,0.0
1961-06-01,1961,6,0.5512438715630762,-0.18858925283069805,-0.7398331243937742,Neutral,0.0
1961-07-01,1961,7,0.3257435373109397,-0.16296009300078684,-0.48870363031172653,Neutral,0.0
1961-08-01,1961,8,0.2792914438772384,-0.20343145614991776,-0.4827229000271562,Neutral,0.0
1961-09-01,1961,9,0.2778291763842363,-0.340417693342071,-0.6182468697263073,Neutral,0.0
1961-10-01,1961,10,0.025116387241201504,-0.5328797068749163,-0.5579960941161177,NINO3.4 NINA,-1.0
1961-11-01,1961,11,0.14732812222302819,-0.7049032764927666,-0.8522313987157948,NINO3.4 NINA,-1.0
1961-12-01,1961,12,0.6347358653616769,-0.7961463296846957,-1.4308821950463726,NINO3.4 NINA,-1.0
1962-01-01,1962,1,1.3470186382659837,-0.8095286441528453,-2.156547282418829,CEI NINA,-3.0
1962-02-01,1962,2,1.320323009757977,-0.7341010535141826,-2.0544240632721595,CEI NINA,-3.0
1962-03-01,1962,3,0.9001907686428908,-0.6556725802372083,-1.555863348880099,NINO3.4 NINA,-1.0
1962-04-01,1962,4,0.43350290506200095,-0.6658106972585325,-1.0993136023205334,NINO3.4 NINA,-1.0
1962-05-01,1962,5,0.8019896114746058,-0.7119594059396048,-1.5139490174142107,NINO3.4 NINA,-1.0
1962-06-01,1962,6,1.053474207222468,-0.7019834987906238,-1.7554577060130918,CEI NINA,-3.0
1962-07-01,1962,7,0.9543185396289431,-0.6520228581095319,-1.606341397738475,NINO3.4 NINA,-1.0
1962-08-01,1962,8,0.656875042212261,-0.6219329267902372,-1.2788079690024983,NINO3.4 NINA,-1.0
1962-09-01,1962,9,0.49075862486589933,-0.6664595367479006,-1.1572181616138,NINO3.4 NINA,-1.0
1962-10-01,1962,10,0.8899058339116233,-0.6788685919820043,-1.5687744258936276,NINO3.4 NINA,-1.0
1962-11-01,1962,11,0.7781842941040712,-0.7632988305356022,-1.5414831246396734,NINO3.4 NINA,-1.0
1962-12-01,1962,12,0.636133342537319,-0.9080711416001299,-1.544204484137449,NINO3.4 NINA,-1.0
1963-01-01,1963,1,0.5447090951535882,-1.0066136390474147,-1.551322734201003,NINO3.4 NINA,-1.0
1963-02-01,1963,2,0.5142103698233993,-0.9287529003236343,-1.4429632701470336,NINO3.4 NINA,-1.0
1963-03-01,1963,3,0.8741501373181972,-0.7554316517270526,-1.62958178904525,NINO3.4 NINA,-1.0
1963-04-01,1963,4,0.8051537716927871,-0.5295544044919174,-1.3347081761847046,NINO3.4 NINA,-1.0
1963-05-01,1963,5,0.8869169175734612,-0.3494203412570035,-1.2363372588304649,Neutral,0.0
1963-06-01,1963,6,0.26400842449056616,-0.15209203155392553,-0.4161004560444917,Neutral,0.0
1963-07-01,1963,7,-0.001286558399347821,0.10955249253244423,0.11083905093179205,Neutral,0.0
1963-08-01,1963,8,-0.20256550630898157,0.2856313089588272,0.4881968152678088,Neutral,0.0
1963-09-01,1963,9,-0.16825191018644922,0.42359080538502275,0.591842715571472,Neutral,0.0
1963-10-01,1963,10,-0.571827719466345,0.6593628548329685,1.2311905742993137,NINO3.4 NINO,1.0
1963-11-01,1963,11,-0.9158888937843971,0.8717766826637825,1.7876655764481795,NINO3.4 NINO,1.0
1963-12-01,1963,12,-1.1273707005776379,0.9654528839408318,2.0928235845184697,CEI NINO,3.0
1964-01-01,1964,1,-0.8412145394291926,0.9788351984089815,1.8200497378381741,NINO3.4 NINO,1.0
1964-02-01,1964,2,-0.4772854416807554,0.9301722367066191,1.4074576783873745,NINO3.4 NINO,1.0
1964-03-01,1964,3,0.36069838636405227,0.6874251627480007,0.3267267763839484,NINO3.4 NINO,1.0
1964-04-01,1964,4,0.9527694100499906,0.2952827963631297,-0.6574866136868609,Neutral,0.0
1964-05-01,1964,5,1.1341804345292392,-0.1888325676392067,-1.3230130021684459,SOI NINA,-2.0
1964-06-01,1964,6,1.1396902607399109,-0.6241227600668435,-1.7638130208067544,CEI NINA,-3.0
1964-07-01,1964,7,0.9838595274249728,-0.9391343321534705,-1.9229938595784435,NINO3.4 NINA,-1.0
1964-08-01,1964,8,1.4012294655457513,-1.1718243940269346,-2.5730538595726857,CEI NINA,-3.0
1964-09-01,1964,9,1.4670173000267361,-1.3185432235595602,-2.7855605235862964,CEI NINA,-3.0
1964-10-01,1964,10,1.6612060858103346,-1.3893478328364988,-3.050553918646833,CEI NINA,-3.0
1964-11-01,1964,11,1.1027397813796078,-1.4640454790496242,-2.5667852604292323,CEI NINA,-3.0
1964-12-01,1964,12,0.5052219558264611,-1.5650211245820256,-2.0702430804084866,NINO3.4 NINA,-1.0
1965-01-01,1965,1,-0.12520712032813783,-1.4932432560710405,-1.3680361357429027,NINO3.4 NINA,-1.0
1965-02-01,1965,2,-0.10858013358397389,-1.279126224580644,-1.17054609099667,NINO3.4 NINA,-1.0
1965-03-01,1965,3,0.2281044098215394,-1.0230779410900457,-1.2511823509115851,NINO3.4 NINA,-1.0
1965-04-01,1965,4,0.07579714847787908,-0.7412382878971934,-0.8170354363750725,NINO3.4 NINA,-1.0
1965-05-01,1965,5,0.08096632248574738,-0.3932170067891289,-0.4741833292748763,Neutral,0.0
1965-06-01,1965,6,-0.5172328055437508,-0.05476610814919974,0.4624666973945511,Neutral,0.0
1965-07-01,1965,7,-1.1242626622273564,0.23850934104370555,1.362772003271062,SOI NINO,2.0
1965-08-01,1965,8,-1.5393600355185604,0.5678764868325307,2.107236522351091,CEI NINO,3.0
1965-09-01,1965,9,-1.7052209081955332,0.9029209781532955,2.608141886348829,CEI NINO,3.0
1965-10-01,1965,10,-1.1665695772236233,1.2214200624952585,2.3879896397188816,CEI NINO,3.0
1965-11-01,1965,11,-1.4694659443205342,1.4776305558581988,2.9470965001787333,CEI NINO,3.0
1965-12-01,1965,12,-0.8770391359225346,1.6321354592632014,2.509174595185736,NINO3.4 NINO,1.0
1966-01-01,1966,1,-0.9306064539741492,1.616319996709933,2.546926450684082,NINO3.4 NINO,1.0
1966-02-01,1966,2,-0.3886068223343116,1.5262935175605623,1.9149003398948738,NINO3.4 NINO,1.0
1966-03-01,1966,3,-0.8045340565393734,1.385738663176904,2.1902727197162775,NINO3.4 NINO,1.0
1966-04-01,1966,4,-0.5197554629258505,1.1152537010479397,1.6350091639737903,NINO3.4 NINO,1.0
1966-05-01,1966,5,-0.6718369194618687,0.7211648161949745,1.3930017356568434,NINO3.4 NINO,1.0
1966-06-01,1966,6,-0.14306930950443952,0.47809332249166986,0.6211626319961094,Neutral,0.0
1966-07-01,1966,7,-0.03617514987951079,0.3115037835972488,0.3476789334767596,Neutral,0.0
1966-08-01,1966,8,0.44786355229551417,0.027717611936304634,-0.42014594035920955,Neutral,0.0
1966-09-01,1966,9,0.17872116935965562,-0.16279788312844717,-0.34151905248810277,Neutral,0.0
1966-10-01,1966,10,0.1461441466071582,-0.19953841921373264,-0.34568256582089085,Neutral,0.0
1966-11-01,1966,11,-0.1214470967951183,-0.2961343981929204,-0.17468730139780214,Neutral,0.0
1966-12-01,1966,12,-0.16687451873024303,-0.44820615351280285,-0.28133163478255985,Neutral,0.0
1967-01-01,1967,1,0.37745174407733373,-0.5005188373428427,-0.8779705814201765,NINO3.4 NINA,-1.0
1967-02-01,1967,2,0.8255605460618127,-0.5345829105344958,-1.3601434565963086,NINO3.4 NINA,-1.0
1967-03-01,1967,3,1.3695052267992747,-0.5997101742794904,-1.969215401078765,CEI NINA,-3.0
1967-04-01,1967,4,0.8671709341551441,-0.7388051398120756,-1.6059760739672198,NINO3.4 NINA,-1.0
1967-05-01,1967,5,0.4113900331242615,-0.7241251463651955,-1.135515179489457,NINO3.4 NINA,-1.0
1967-06-01,1967,6,0.40412363845268173,-0.621689611981725,-1.0258132504344069,NINO3.4 NINA,-1.0
1967-07-01,1967,7,0.5009822384549063,-0.5303654538536244,-1.0313476923085307,NINO3.4 NINA,-1.0
1967-08-01,1967,8,0.8476281446763452,-0.44431311657661254,-1.2919412612529577,Neutral,0.0
1967-09-01,1967,9,0.6180521612743021,-0.40611269164025954,-1.0241648529145615,Neutral,0.0
1967-10-01,1967,10,0.5664954232327497,-0.45015267198089803,-1.0166480952136476,Neutral,0.0
1967-11-01,1967,11,0.09277369741849431,-0.5491817990452043,-0.6419554964636985,NINO3.4 NINA,-1.0
1967-12-01,1967,12,-0.26934572227766473,-0.6671894811734327,-0.39784375889576795,NINO3.4 NINA,-1.0
1968-01-01,1968,1,-0.16722907467381373,-0.8095286441528435,-0.6422995694790298,NINO3.4 NINA,-1.0
1968-02-01,1968,2,0.3159797673513274,-0.8849562347915063,-1.2009360021428337,NINO3.4 NINA,-1.0
1968-03-01,1968,3,0.5358703222091551,-0.9695486832174472,-1.5054190054266023,NINO3.4 NINA,-1.0
1968-04-01,1968,4,0.38845181264463174,-1.025916613856016,-1.4143684265006478,NINO3.4 NINA,-1.0
1968-05-01,1968,5,0.7182949721703846,-1.0671990263668532,-1.7854939985372378,NINO3.4 NINA,-1.0
1968-06-01,1968,6,1.3122083016056583,-0.8504055319828305,-2.162613833588489,CEI NINA,-3.0
1968-07-01,1968,7,1.6481823832875,-0.5157665653429168,-2.163948948630417,CEI NINA,-3.0
1968-08-01,1968,8,1.0947044162326125,-0.23749552934157175,-1.3321999455741842,SOI NINA,-2.0
1968-09-01,1968,9,0.3595388308462249,-0.048439923127895225,-0.40797875397412015,Neutral,0.0
1968-10-01,1968,10,0.003396237031966867,0.18489897823493276,0.1815027412029659,Neutral,0.0
1968-11-01,1968,11,-0.2337198110241612,0.3413504001080297,0.5750702111321909,Neutral,0.0
1968-12-01,1968,12,-0.037272524769152715,0.43745974947019756,0.47473227423935027,Neutral,0.0
1969-01-01,1969,1,-0.46658932006971104,0.6041303933007892,1.0707197133705002,NINO3.4 NINO,1.0
1969-02-01,1969,2,-0.5040778574772876,0.8596109422381935,1.3636887997154812,NINO3.4 NINO,1.0
1969-03-01,1969,3,-0.38869082847078557,0.9794029329621765,1.368093761432962,NINO3.4 NINO,1.0
1969-04-01,1969,4,-0.10203827088802318,0.9668316678557347,1.068869938743758,NINO3.4 NINO,1.0
1969-05-01,1969,5,-0.07923210588542469,0.9328486996002522,1.012080805485677,NINO3.4 NINO,1.0
1969-06-01,1969,6,-0.1635773642060886,0.7919694254719088,0.9555467896779974,NINO3.4 NINO,1.0
1969-07-01,1969,7,-0.2492750434465023,0.5256208150876442,0.7748958585341466,NINO3.4 NINO,1.0
1969-08-01,1969,8,-0.1640359384551121,0.41458815747008765,0.5786240959251998,Neutral,0.0
1969-09-01,1969,9,-0.6750061161853792,0.3943930283636049,1.069399144548984,Neutral,0.0
1969-10-01,1969,10,-0.7958195277235685,0.42334749057650983,1.2191670183000782,Neutral,0.0
1969-11-01,1969,11,-0.7540863281106388,0.49950502564070964,1.2535913537513483,Neutral,0.0
1969-12-01,1969,12,-0.21914080403384892,0.6418441886201216,0.8609849926539705,NINO3.4 NINO,1.0
1970-01-01,1970,1,-0.18635452167632827,0.6771248358543345,0.8634793575306627,NINO3.4 NINO,1.0
1970-02-01,1970,2,-0.450016281110191,0.599264097130554,1.049280378240745,NINO3.4 NINO,1.0
1970-03-01,1970,3,-0.3896463691360716,0.43194461381059746,0.821590982946669,Neutral,0.0
1970-04-01,1970,4,-0.09961245367913829,0.3220474252994299,0.4216598789785682,Neutral,0.0
1970-05-01,1970,5,0.36515256643469957,0.13964242385174153,-0.22551014258295804,Neutral,0.0
1970-06-01,1970,6,0.6932944874760751,-0.08639703325573607,-0.7796915207318112,Neutral,0.0
1970-07-01,1970,7,0.5444244749064123,-0.3259810147037013,-0.8704054896101137,Neutral,0.0
1970-08-01,1970,8,0.6109124576287136,-0.5903020016837008,-1.2012144593124146,NINO3.4 NINA,-1.0
1970-09-01,1970,9,0.5378984629047148,-0.8659776797275877,-1.4038761426323023,NINO3.4 NINA,-1.0
1970-10-01,1970,10,1.1495927667767902,-1.0754717298562597,-2.22506449663305,CEI NINA,-3.0
1970-11-01,1970,11,1.5557411165707171,-1.162335116494976,-2.718076233065693,CEI NINA,-3.0
1970-12-01,1970,12,1.7353973315703668,-1.265743910112496,-3.0011412416828627,CEI NINA,-3.0
1971-01-01,1971,1,1.4181175858632646,-1.3910510364960802,-2.809168622359345,CEI NINA,-3.0
1971-02-01,1971,2,1.2778992620217446,-1.5029758484115143,-2.780875110433259,CEI NINA,-3.0
1971-03-01,1971,3,1.4496291093638531,-1.5583705198160367,-3.00799962917989,CEI NINA,-3.0
1971-04-01,1971,4,2.0717246702053482,-1.5855406734331867,-3.657265343638535,CEI NINA,-3.0
1971-05-01,1971,5,2.007732124035994,-1.4954330893476442,-3.5031652133836384,CEI NINA,-3.0
1971-06-01,1971,6,1.4437920091676288,-1.3516340375171656,-2.7954260466847947,CEI NINA,-3.0
1971-07-01,1971,7,0.8195341455474093,-1.2432778427932383,-2.0628119883406475,NINO3.4 NINA,-1.0
1971-08-01,1971,8,1.0220978604765745,-1.1718243940269355,-2.19392225450351,CEI NINA,-3.0
1971-09-01,1971,9,1.3436831133068081,-1.1409234133459372,-2.4846065266527453,CEI NINA,-3.0
1971-10-01,1971,10,1.9250066581649405,-1.2117280226228757,-3.136734680787816,CEI NINA,-3.0
1971-11-01,1971,11,1.4999520708890597,-1.2255969667080473,-2.7255490375971068,CEI NINA,-3.0
1971-12-01,1971,12,1.0204059152615963,-1.263310762027377,-2.2837166772889734,CEI NINA,-3.0
1972-01-01,1972,1,0.4735097443712505,-1.2377627071336363,-1.711272451504887,NINO3.4 NINA,-1.0
1972-02-01,1972,2,0.5322265832334481,-1.1209715990479658,-1.653198182281414,NINO3.4 NINA,-1.0
1972-03-01,1972,3,0.6665671743855098,-0.8722227598127213,-1.5387899341982312,NINO3.4 NINA,-1.0
1972-04-01,1972,4,0.46549573619395673,-0.5855168104496337,-1.0510125466435905,NINO3.4 NINA,-1.0
1972-05-01,1972,5,-0.32513187478492234,-0.22046349274574217,0.10466838203918016,Neutral,0.0
1972-06-01,1972,6,-0.8726476576409654,0.11312110972395087,0.9857687673649163,Neutral,0.0
1972-07-01,1972,7,-1.5296235858693437,0.43316118785315544,1.962784773722499,SOI NINO,2.0
1972-08-01,1972,8,-1.2530431796739208,0.7479294451312721,2.000972624805193,CEI NINO,3.0
1972-09-01,1972,9,-1.472440075439477,1.0245783824092023,2.4970184578486796,CEI NINO,3.0
1972-10-01,1972,10,-1.0931990655873423,1.343077466751165,2.436276532338507,CEI NINO,3.0
1972-11-01,1972,11,-0.9971964827040383,1.6868812911783588,2.684077773882397,NINO3.4 NINO,1.0
1972-12-01,1972,12,-0.8781174875364337,1.9825087835202129,2.8606262710566464,NINO3.4 NINO,1.0
1973-01-01,1973,1,-0.6251666292920153,2.1272810945847413,2.752447723876757,NINO3.4 NINO,1.0
1973-02-01,1973,2,-0.8619509238967245,2.1029496137335597,2.9649005376302844,NINO3.4 NINO,1.0
1973-03-01,1973,3,-0.2709779268795143,1.789641245306515,2.060619172186029,NINO3.4 NINO,1.0
1973-04-01,1973,4,-0.1531465811189662,1.2150127725377842,1.3681593536567505,NINO3.4 NINO,1.0
1973-05-01,1973,5,0.42685595775454727,0.5094809327896975,0.08262497503515026,NINO3.4 NINO,1.0
1973-06-01,1973,6,0.8880943521706647,-0.1520920315539264,-1.040186383724591,Neutral,0.0
1973-07-01,1973,7,1.147669838738754,-0.75908137385473,-1.906751212593484,CEI NINA,-3.0
1973-08-01,1973,8,1.4936572130868007,-1.208321615303707,-2.7019788283905077,CEI NINA,-3.0
1973-09-01,1973,9,1.3472601093399732,-1.4766978490922393,-2.8239579584322128,CEI NINA,-3.0
1973-10-01,1973,10,1.4588999918217496,-1.7153896762423286,-3.174289668064078,CEI NINA,-3.0
1973-11-01,1973,11,1.9599676545181803,-2.02853583479703,-3.9885034893152103,CEI NINA,-3.0
1973-12-01,1973,12,2.099478590446292,-2.2560351807555743,-4.355513771201866,CEI NINA,-3.0
1974-01-01,1974,1,2.4170586553622235,-2.422705824586167,-4.839764479948391,CEI NINA,-3.0
1974-02-01,1974,2,1.886831986831336,-2.4713687862885294,-4.358200773119865,CEI NINA,-3.0
1974-03-01,1974,3,2.1148079974754572,-2.388074016841319,-4.502882014316777,CEI NINA,-3.0
1974-04-01,1974,4,1.7982017060244722,-2.1281326964145304,-3.926334402439003,CEI NINA,-3.0
1974-05-01,1974,5,1.7796238514056892,-1.8385069693493008,-3.61813082075499,CEI NINA,-3.0
1974-06-01,1974,6,1.1777766122461197,-1.5535853285819703,-2.73136194082809,CEI NINA,-3.0
1974-07-01,1974,7,1.304278437979044,-1.3308711738574908,-2.6351496118365345,CEI NINA,-3.0
1974-08-01,1974,8,1.137867607114035,-1.1207282842394535,-2.2585958913534885,CEI NINA,-3.0
1974-09-01,1974,9,1.3286154195799114,-0.9827687878132572,-2.3113842073931687,CEI NINA,-3.0
1974-10-01,1974,10,1.1574929043199815,-0.9343491409194068,-2.0918420452393884,CEI NINA,-3.0
1974-11-01,1974,11,0.7498089363409891,-0.9652501216004059,-1.715059057941395,NINO3.4 NINA,-1.0
1974-12-01,1974,12,0.2910659870131607,-1.0126965092602087,-1.3037624962733694,NINO3.4 NINA,-1.0
1975-01-01,1975,1,-0.21886395411331777,-0.9968810467069414,-0.7780170925936236,NINO3.4 NINA,-1.0
1975-02-01,1975,2,0.04639424109703639,-0.99931419479206,-1.0457084358890965,NINO3.4 NINA,-1.0
1975-03-01,1975,3,0.61297962278899,-1.003612756409102,-1.6165923791980918,NINO3.4 NINA,-1.0
1975-04-01,1975,4,1.2605775390711709,-0.9310238385364097,-2.1916013776075807,CEI NINA,-3.0
1975-05-01,1975,5,1.390463834367927,-0.9187769931746473,-2.3092408275425744,CEI NINA,-3.0
1975-06-01,1975,6,1.5995501179834661,-1.1399501541118888,-2.7395002720953547,CEI NINA,-3.0
1975-07-01,1975,7,2.004962074033845,-1.30653969300631,-3.311501767040155,CEI NINA,-3.0
1975-08-01,1975,8,2.5409736858392096,-1.4443369795601666,-3.985310665399376,CEI NINA,-3.0
1975-09-01,1975,9,2.5947510508918867,-1.6445850669653908,-4.2393361178572775,CEI NINA,-3.0
1975-10-01,1975,10,2.3790229901511997,-1.88327689411548,-4.26229988426668,CEI NINA,-3.0
1975-11-01,1975,11,1.964400575955804,-1.9409425037327774,-3.9053430796885813,CEI NINA,-3.0
1975-12-01,1975,12,1.868513106026949,-2.0954474071377778,-3.963960513164727,CEI NINA,-3.0
1976-01-01,1976,1,1.595870040243531,-2.2158882373511255,-3.811758277594657,CEI NINA,-3.0
1976-02-01,1976,2,1.572361126990679,-2.1234286101166364,-3.695789737107315,CEI NINA,-3.0
1976-03-01,1976,3,1.462245634688102,-1.8308831053492667,-3.2931287400373686,CEI NINA,-3.0
1976-04-01,1976,4,1.173015662647016,-1.629337338965314,-2.80235300161233,CEI NINA,-3.0
1976-05-01,1976,5,0.9260101213424959,-1.3153801310489035,-2.2413902523913993,NINO3.4 NINA,-1.0
1976-06-01,1976,6,0.47536984099218654,-0.9258331226214933,-1.4012029636136798,NINO3.4 NINA,-1.0
1976-07-01,1976,7,-0.12858517681396392,-0.6228250810881149,-0.49423990427415093,NINO3.4 NINA,-1.0
1976-08-01,1976,8,-0.656951892197849,-0.4078158952998418,0.2491359968980072,Neutral,0.0
1976-09-01,1976,9,-1.2868768131989021,-0.14089955036238402,1.1459772628365181,SOI NINO,2.0
1976-10-01,1976,10,-0.6448117503128582,0.1824658301498151,0.8272775804626733,Neutral,0.0
1976-11-01,1976,11,0.01932150098915343,0.4338100273425202,0.4144885263533668,Neutral,0.0
1976-12-01,1976,12,0.40308447816865034,0.5518177094707513,0.14873323130210092,NINO3.4 NINO,1.0
1977-01-01,1977,1,0.1218307305104504,0.6673922435138621,0.5455615130034117,NINO3.4 NINO,1.0
1977-02-01,1977,2,0.07648021238478923,0.6746916877692158,0.5982114753844266,NINO3.4 NINO,1.0
1977-03-01,1977,3,-0.02276717355845778,0.565767758492094,0.5885349320505519,NINO3.4 NINO,1.0
1977-04-01,1977,4,-0.08202714927342158,0.3536783504059645,0.4357054996793861,Neutral,0.0
1977-05-01,1977,5,-0.6794690406870394,0.2515672357671741,0.9310362764542135,Neutral,0.0
1977-06-01,1977,6,-1.0321149375348597,0.1617840714263125,1.1938990089611723,SOI NINO,2.0
1977-07-01,1977,7,-1.4133714376076427,0.1533491580645697,1.5667205956722123,SOI NINO,2.0
1977-08-01,1977,8,-1.4347122793703753,0.09584575831961174,1.530558037689987,SOI NINO,2.0
1977-09-01,1977,9,-1.235744533394472,0.2338052547458082,1.4695497881402804,SOI NINO,2.0
1977-10-01,1977,10,-1.081384218755146,0.3600856403634389,1.4414698591185848,SOI NINO,2.0
1977-11-01,1977,11,-1.2481964657284368,0.42651058308716555,1.6747070488156024,SOI NINO,2.0
1977-12-01,1977,12,-1.2703565140750155,0.5226199324493334,1.792976446524349,CEI NINO,3.0
1978-01-01,1978,1,-0.9519352817375513,0.6795579839394529,1.6314932656770043,NINO3.4 NINO,1.0
1978-02-01,1978,2,-1.1343482651168324,0.6698253915989806,1.8041736567158129,CEI NINO,3.0
1978-03-01,1978,3,-0.8258351308791436,0.5073722044492592,1.3332073353284029,NINO3.4 NINO,1.0
1978-04-01,1978,4,-0.8708365349688161,0.2441866865756496,1.1150232215444658,Neutral,0.0
1978-05-01,1978,5,0.5436063357783143,-0.05500942295770924,-0.5986157587360236,Neutral,0.0
1978-06-01,1978,6,0.9784492117188243,-0.3418775821931402,-1.3203267939119645,Neutral,0.0
1978-07-01,1978,7,1.4008574481371525,-0.53766489810898,-1.9385223462461325,CEI NINA,-3.0
1978-08-01,1978,8,0.8353177541517959,-0.6851947770033081,-1.520512531155104,NINO3.4 NINA,-1.0
1978-09-01,1978,9,0.48482787335251804,-0.7078230541949093,-1.1926509275474273,NINO3.4 NINA,-1.0
1978-10-01,1978,10,0.02905784702767396,-0.6691359996415321,-0.6981938466692061,NINO3.4 NINA,-1.0
1978-11-01,1978,11,-0.21073060399722826,-0.6148767973433963,-0.404146193346168,NINO3.4 NINA,-1.0
1978-12-01,1978,12,-0.25515499217125776,-0.5528315211728825,-0.2976765290016247,NINO3.4 NINA,-1.0
1979-01-01,1979,1,-0.20905686936411313,-0.43725698712977173,-0.2282001177656586,Neutral,0.0
1979-02-01,1979,2,0.12136554597121361,-0.3399310637250459,-0.4612966096962595,Neutral,0.0
1979-03-01,1979,3,0.17620474973199957,-0.207973332575472,-0.3841780823074715,Neutral,0.0
1979-04-01,1979,4,0.2332538810528866,-0.11591923002183413,-0.3491731110747207,Neutral,0.0
1979-05-01,1979,5,0.23095878849608634,-0.10610553274519023,-0.33706432124127655,Neutral,0.0
1979-06-01,1979,6,0.5710338537086077,-0.08639703325573607,-0.6574308869643438,Neutral,0.0
1979-07-01,1979,7,0.3391521151329223,-0.10943083512818821,-0.4485829502611105,Neutral,0.0
1979-08-01,1979,8,0.012871364136850557,-0.18396627146897312,-0.19683763560582368,Neutral,0.0
1979-09-01,1979,9,-0.3158122766017216,-0.12386751376655789,0.19194476283516373,Neutral,0.0
1979-10-01,1979,10,-0.05613704396793995,-0.029218053255462687,0.02691899071247726,Neutral,0.0
1979-11-01,1979,11,-0.14781556150990885,0.08830299925574411,0.23611856076565296,Neutral,0.0
1979-12-01,1979,12,-0.45245369688483383,0.26470623542680993,0.7171599323116438,Neutral,0.0
1980-01-01,1980,1,-0.295308288345908,0.40704539840622084,0.7023536867521288,Neutral,0.0
1980-02-01,1980,2,-0.045878861991459366,0.37784762138480393,0.4237264833762633,Neutral,0.0
1980-03-01,1980,3,0.0578322274535394,0.33705183849098924,0.27921961103744986,Neutral,0.0
1980-04-01,1980,4,-0.33646306780805646,0.24905298274588578,0.5855160505539423,Neutral,0.0
1980-05-01,1980,5,-0.4363586881297504,0.17127334895827703,0.6076320370880275,Neutral,0.0
1980-06-01,1980,6,-0.3192351808232338,0.1398857386602493,0.4591209194834831,Neutral,0.0
1980-07-01,1980,7,-0.07607665820139745,0.10955249253244337,0.18562915073384081,Neutral,0.0
1980-08-01,1980,8,0.10400993255026436,0.022851315766068473,-0.08115861678419589,Neutral,0.0
1980-09-01,1980,9,-0.052055169494285694,-0.03627418270230439,0.015780986791981304,Neutral,0.0
1980-10-01,1980,10,-0.036240347362447314,-0.12411082857506914,-0.08787048121262182,Neutral,0.0
1980-11-01,1980,11,-0.32094477126710663,-0.2231399556393754,0.09780481562773125,Neutral,0.0
1980-12-01,1980,12,-0.14730675883388206,-0.2681531952140605,-0.12084643638017845,Neutral,0.0
1981-01-01,1981,1,-0.028117343920491915,-0.3155995828738642,-0.28748223895337227,Neutral,0.0
1981-02-01,1981,2,0.04827740849888517,-0.4226580986190624,-0.47093550711794757,Neutral,0.0
1981-03-01,1981,3,-0.3707224413802716,-0.49508480661941245,-0.12436236523914085,Neutral,0.0
1981-04-01,1981,4,-0.5395288083827363,-0.5855168104496346,-0.04598800206689824,NINO3.4 NINA,-1.0
1981-05-01,1981,5,-0.09375500819639228,-0.6803284808330693,-0.586573472636677,NINO3.4 NINA,-1.0
1981-06-01,1981,6,0.9422675918510073,-0.6411547966626705,-1.5834223885136778,NINO3.4 NINA,-1.0
1981-07-01,1981,7,1.427732298314267,-0.6203919330029954,-2.0481242313172627,CEI NINA,-3.0
1981-08-01,1981,8,1.3568274850829485,-0.6438312595562994,-2.0006587446392476,CEI NINA,-3.0
1981-09-01,1981,9,1.0240977637566955,-0.5983313903645927,-1.622429154121288,CEI NINA,-3.0
1981-10-01,1981,10,0.47913271922741163,-0.5426122992153886,-1.0217450184428003,NINO3.4 NINA,-1.0
1981-11-01,1981,11,0.22999085781189066,-0.5394492067047336,-0.7694400645166243,NINO3.4 NINA,-1.0
1981-12-01,1981,12,0.1474272580884964,-0.44333985734256665,-0.5907671154310631,Neutral,0.0
1982-01-01,1982,1,0.601589461480363,-0.27423606542685636,-0.8758255269072193,Neutral,0.0
1982-02-01,1982,2,0.589745625767803,-0.23287254797984772,-0.8226181737476507,Neutral,0.0
1982-03-01,1982,3,0.6323910218659712,-0.1593103708731095,-0.7917013927390807,Neutral,0.0
1982-04-01,1982,4,0.2842527993544633,-0.05509052789388168,-0.339343327248345,Neutral,0.0
1982-05-01,1982,5,0.019642281924248123,0.12261038725591453,0.1029681053316664,Neutral,0.0
1982-06-01,1982,6,-0.8451713312102537,0.2712757352566291,1.1164470664668829,Neutral,0.0
1982-07-01,1982,7,-1.5752392891062943,0.39179767040614677,1.967036959512441,SOI NINO,2.0
1982-08-01,1982,8,-2.1441757190633868,0.5581438944920574,2.702319613555444,CEI NINO,3.0
1982-09-01,1982,9,-2.2861434252184436,0.8688569049616416,3.1550003301800853,CEI NINO,3.0
1982-10-01,1982,10,-2.207685898978377,1.2043880258994306,3.4120739248778076,CEI NINO,3.0
1982-11-01,1982,11,-2.5076524243120866,1.533592961815915,4.0412453861280015,CEI NINO,3.0
1982-12-01,1982,12,-2.4788074906706057,1.9898082277755667,4.468615718446173,CEI NINO,3.0
1983-01-01,1983,1,-2.834191826443411,2.3657296069263176,5.199921433369729,CEI NINO,3.0
1983-02-01,1983,2,-2.7256279621648134,2.497119603522697,5.22274756568751,CEI NINO,3.0
1983-03-01,1983,3,-2.8090910566702108,2.385762526160457,5.1948535828306674,CEI NINO,3.0
1983-04-01,1983,4,-2.1742854317562443,2.1323096006273197,4.306595032383564,CEI NINO,3.0
1983-05-01,1983,5,-0.8770954157334009,1.8063488621576616,2.6834442778910623,NINO3.4 NINO,1.0
1983-06-01,1983,6,-0.014184105129656163,1.3978232986663242,1.4120074037959802,NINO3.4 NINO,1.0
1983-07-01,1983,7,0.10616804284844053,0.9076250644511911,0.8014570216027506,NINO3.4 NINO,1.0
1983-08-01,1983,8,-0.11923435892215202,0.45838482300221395,0.577619181924366,Neutral,0.0
1983-09-01,1983,9,0.20639697449572705,0.07078433304289375,-0.1356126414528333,Neutral,0.0
1983-10-01,1983,10,0.6795618586174534,-0.4039228583636549,-1.0834847169811084,Neutral,0.0
1983-11-01,1983,11,0.5322777563207887,-0.8362932730891455,-1.3685710294099342,NINO3.4 NINA,-1.0
1983-12-01,1983,12,0.19743784525743108,-1.0248622496857995,-1.2223000949432306,NINO3.4 NINA,-1.0
1984-01-01,1984,1,0.04999507307695731,-1.0528434526646586,-1.102838525741616,NINO3.4 NINA,-1.0
1984-02-01,1984,2,0.30703069307582853,-0.9214534560682797,-1.228484149144108,NINO3.4 NINA,-1.0
1984-03-01,1984,3,0.23042400808707264,-0.7359664670461071,-0.9663904751331798,NINO3.4 NINA,-1.0
1984-04-01,1984,4,0.3193716405327746,-0.566051625768689,-0.8854232663014636,NINO3.4 NINA,-1.0
1984-05-01,1984,5,0.19642211348532843,-0.5002755225343279,-0.6966976360196564,NINO3.4 NINA,-1.0
1984-06-01,1984,6,0.06012889492459108,-0.5511283175133003,-0.6112572124378913,NINO3.4 NINA,-1.0
1984-07-01,1984,7,0.04398495333702836,-0.6301245253434686,-0.674109478680497,NINO3.4 NINA,-1.0
1984-08-01,1984,8,0.1523597143792797,-0.6243660748753548,-0.7767257892546344,NINO3.4 NINA,-1.0
1984-09-01,1984,9,0.41661840820268514,-0.6007645384497112,-1.0173829466523965,NINO3.4 NINA,-1.0
1984-10-01,1984,10,0.1639056190596503,-0.6107404455986964,-0.7746460646583467,NINO3.4 NINA,-1.0
1984-11-01,1984,11,0.07865067014509829,-0.7073364245778843,-0.7859870947229826,NINO3.4 NINA,-1.0
1984-12-01,1984,12,-0.02772523716117509,-0.92023688202572,-0.8925116448645448,NINO3.4 NINA,-1.0
1985-01-01,1985,1,-0.0091414948215522,-1.123404747133085,-1.1142632523115328,NINO3.4 NINA,-1.0
1985-02-01,1985,2,0.11915904255491856,-1.2012654858568654,-1.320424528411784,NINO3.4 NINA,-1.0
1985-03-01,1985,3,0.23024440961771644,-1.2396281206655608,-1.4698725302832774,NINO3.4 NINA,-1.0
1985-04-01,1985,4,0.8294447191163228,-1.1743386470482229,-2.0037833661645457,NINO3.4 NINA,-1.0
1985-05-01,1985,5,0.7973245751700688,-1.0550332859412623,-1.8523578611113312,NINO3.4 NINA,-1.0
1985-06-01,1985,6,0.496626638562322,-0.9769292324089726,-1.4735558709712946,NINO3.4 NINA,-1.0
1985-07-01,1985,7,-0.05442333210591803,-0.9561663687492975,-0.9017430366433795,NINO3.4 NINA,-1.0
1985-08-01,1985,8,0.14879891469663878,-0.9187769931746481,-1.067575907871287,NINO3.4 NINA,-1.0
1985-09-01,1985,9,0.3793686713656949,-0.8903091605787684,-1.2696778319444633,NINO3.4 NINA,-1.0
1985-10-01,1985,10,0.29081113216467597,-0.8297237732593281,-1.1205349054240041,NINO3.4 NINA,-1.0
1985-11-01,1985,11,-0.18825539958707513,-0.7268016092588296,-0.5385462096717545,NINO3.4 NINA,-1.0
1985-12-01,1985,12,-0.10083931363569369,-0.6939541101097336,-0.59311479647404,NINO3.4 NINA,-1.0
1986-01-01,1986,1,0.3267487410036097,-0.6903043879820573,-1.017053128985667,NINO3.4 NINA,-1.0
1986-02-01,1986,2,0.10800295444949476,-0.64650772244993,-0.7545106768994247,NINO3.4 NINA,-1.0
1986-03-01,1986,3,0.18548285916479273,-0.589977581939019,-0.7754604411038117,NINO3.4 NINA,-1.0
1986-04-01,1986,4,0.025313171879935766,-0.5417201449175082,-0.567033316797444,NINO3.4 NINA,-1.0
1986-05-01,1986,5,0.16200262670946244,-0.5002755225343288,-0.6622781492437912,NINO3.4 NINA,-1.0
1986-06-01,1986,6,0.5597814550698735,-0.37837480346991353,-0.9381562585397871,Neutral,0.0
1986-07-01,1986,7,0.5668993348895218,-0.21162305470315104,-0.7785223895926728,Neutral,0.0
1986-08-01,1986,8,0.5331675002596747,-0.05987571912794887,-0.5930432193876236,Neutral,0.0
1986-09-01,1986,9,-0.22576347931393956,0.10241525814942923,0.3281787374633688,Neutral,0.0
1986-10-01,1986,10,-0.0856540238985712,0.3795508250443843,0.4652048489429555,Neutral,0.0
1986-11-01,1986,11,-0.3965675999017263,0.6381944664924443,1.0347620663941706,NINO3.4 NINO,1.0
1986-12-01,1986,12,-0.6814055627380944,0.8681269605361087,1.5495325232742032,NINO3.4 NINO,1.0
1987-01-01,1987,1,-1.1524392785240538,1.0785942698988267,2.2310335484228805,CEI NINO,3.0
1987-02-01,1987,2,-1.0014249676340587,1.241615191601741,2.2430401592358,CEI NINO,3.0
1987-03-01,1987,3,-0.9619488422436228,1.3273431091340693,2.289291951377692,NINO3.4 NINO,1.0
1987-04-01,1987,4,-1.3592589253151244,1.3147718440276266,2.674030769342751,CEI NINO,3.0
1987-05-01,1987,5,-1.7323038019722445,1.2491579506656088,2.9814617526378533,CEI NINO,3.0
1987-06-01,1987,6,-1.9337427400108624,1.2080377480271098,3.1417804880379725,CEI NINO,3.0
1987-07-01,1987,7,-2.055696775874216,1.2215011674314298,3.277197943305646,CEI NINO,3.0
1987-08-01,1987,8,-1.7606945133464105,1.3172860970489149,3.0779806103953256,CEI NINO,3.0
1987-09-01,1987,9,-1.5319561384691145,1.4893096666667653,3.02126580513588,CEI NINO,3.0
1987-10-01,1987,10,-0.956304006337763,1.6107237561141592,2.5670277624519224,NINO3.4 NINO,1.0
1987-11-01,1987,11,-0.602573960740853,1.6649829584122948,2.2675569191531477,NINO3.4 NINO,1.0
1987-12-01,1987,12,-0.3392468207758629,1.583472497560839,1.9227193183367017,NINO3.4 NINO,1.0
1988-01-01,1988,1,-0.21817694243255575,1.4046361133046554,1.6228130557372111,NINO3.4 NINO,1.0
1988-02-01,1988,2,-0.2660977942462784,1.0615622333029988,1.3276600275492771,NINO3.4 NINO,1.0
1988-03-01,1988,3,0.10665030404599474,0.7774516418973718,0.6708013378513771,NINO3.4 NINO,1.0
1988-04-01,1988,4,0.1832133288355917,0.4266727929595086,0.24345946412391692,Neutral,0.0
1988-05-01,1988,5,0.7754039281038625,-0.02337849785117463,-0.7987824259550371,Neutral,0.0
1988-06-01,1988,6,0.5451859755262564,-0.5827592426198358,-1.1279452181460923,NINO3.4 NINA,-1.0
1988-07-01,1988,7,0.9940467355135679,-1.0194282189623702,-2.0134749544759383,NINO3.4 NINA,-1.0
1988-08-01,1988,8,1.1667853990532455,-1.3445779080703222,-2.5113633071235677,CEI NINA,-3.0
1988-09-01,1988,9,1.894852596531295,-1.5569917359011372,-3.451844332432432,CEI NINA,-3.0
1988-10-01,1988,10,1.9685330484348817,-1.8078493034768175,-3.7763823519116992,CEI NINA,-3.0
1988-11-01,1988,11,2.0150961763963484,-1.9360762075625415,-3.95117238395889,CEI NINA,-3.0
1988-12-01,1988,12,1.6946700035271185,-2.0321855569247065,-3.726855560451825,CEI NINA,-3.0
1989-01-01,1989,1,1.5795418346824412,-2.2158882373511264,-3.7954300720335676,CEI NINA,-3.0
1989-02-01,1989,2,1.1951117807640312,-2.308347864585615,-3.503459645349646,CEI NINA,-3.0
1989-03-01,1989,3,1.169317205897591,-2.122860875563443,-3.2921780814610337,CEI NINA,-3.0
1989-04-01,1989,4,1.3899733408451176,-1.8702189993920089,-3.2601923402371265,CEI NINA,-3.0
1989-05-01,1989,5,1.7340519115992403,-1.558694939560716,-3.292746851159956,CEI NINA,-3.0
1989-06-01,1989,6,1.7964224242466962,-1.1910462638993689,-2.9874686881460653,CEI NINA,-3.0
1989-07-01,1989,7,1.5375088456803578,-0.9440006283237075,-2.4815094740040653,CEI NINA,-3.0
1989-08-01,1989,8,0.7460889993830229,-0.7703549599824431,-1.516443959365466,NINO3.4 NINA,-1.0
1989-09-01,1989,9,0.5065894730138323,-0.625096019300892,-1.1316854923147242,NINO3.4 NINA,-1.0
1989-10-01,1989,10,0.39809358910504117,-0.5645106319814517,-0.9626042210864929,NINO3.4 NINA,-1.0
1989-11-01,1989,11,0.44383539317106663,-0.5613475394707969,-1.0051829326418635,NINO3.4 NINA,-1.0
1989-12-01,1989,12,0.0782487724249682,-0.47253763436398455,-0.5507864067889527,Neutral,0.0
1990-01-01,1990,1,-0.2589739678832468,-0.3618293964911099,-0.10285542860786312,Neutral,0.0
1990-02-01,1990,2,-0.6545575251946062,-0.22313995563937625,0.4314175695552299,Neutral,0.0
1990-03-01,1990,3,-0.6425416308035002,-0.09118222448980239,0.5513594063136978,Neutral,0.0
1990-04-01,1990,4,-0.5427167846067226,0.05196798785131647,0.5946847724580391,Neutral,0.0
1990-05-01,1990,5,0.5388947121570052,0.12017723917079602,-0.4187174729862092,Neutral,0.0
1990-06-01,1990,6,0.8781267006584358,0.11555425780906851,-0.7625724428493673,Neutral,0.0
1990-07-01,1990,7,1.0646101575589197,0.10225304827708956,-0.9623571092818302,SOI NINA,-2.0
1990-08-01,1990,8,0.3804287898890046,0.1445087200219751,-0.23592006986702949,Neutral,0.0
1990-09-01,1990,9,-0.08496975359337773,0.14134562751131938,0.22631538110469712,Neutral,0.0
1990-10-01,1990,10,-0.23046643866164096,0.1532680531283981,0.38373449179003905,Neutral,0.0
1990-11-01,1990,11,-0.3446029426434358,0.2026609592562978,0.5472639018997336,Neutral,0.0
1990-12-01,1990,12,-0.13875708699967565,0.23307531032027531,0.371832397319951,Neutral,0.0
1991-01-01,1991,1,-0.06984574229982668,0.2732222537247243,0.34306799602455096,Neutral,0.0
1991-02-01,1991,2,0.1878062592661049,0.3121526230866144,0.12434636382050951,Neutral,0.0
1991-03-01,1991,3,0.032312710020888355,0.2713568401927999,0.2390441301719115,Neutral,0.0
1991-04-01,1991,4,-0.42651272761878645,0.30988168487383905,0.7363944124926255,Neutral,0.0
1991-05-01,1991,5,-1.1086739645017591,0.35375945534213693,1.462433419843896,SOI NINO,2.0
1991-06-01,1991,6,-0.947465991640709,0.4318635088744259,1.379329500515135,Neutral,0.0
1991-07-01,1991,7,-0.7043074690188688,0.5791500729602437,1.2834575419791125,NINO3.4 NINO,1.0
1991-08-01,1991,8,-0.2608384814170173,0.7625283336419815,1.0233668150589987,NINO3.4 NINO,1.0
1991-09-01,1991,9,-0.7994923615874923,0.8323596836848699,1.6318520452723622,NINO3.4 NINO,1.0
1991-10-01,1991,10,-1.1764997840141178,0.9245759961108466,2.1010757801249644,CEI NINO,3.0
1991-11-01,1991,11,-1.2628334956185638,1.0396639005369357,2.3024973961554993,CEI NINO,3.0
1991-12-01,1991,12,-1.2433871313658347,1.2185002847931192,2.461887416158954,CEI NINO,3.0
1992-01-01,1992,1,-1.6831950719711166,1.4338338903260734,3.11702896229719,CEI NINO,3.0
1992-02-01,1992,2,-1.6571127468812723,1.6795818469230042,3.3366945938042765,CEI NINO,3.0
1992-03-01,1992,3,-1.7729522574645191,1.8018069857321048,3.574759243196624,CEI NINO,3.0
1992-04-01,1992,4,-1.3621281669046905,1.8160003495619625,3.178128516466653,CEI NINO,3.0
1992-05-01,1992,5,-0.9997194832549215,1.6871246059868736,2.686844089241795,NINO3.4 NINO,1.0
1992-06-01,1992,6,-0.6502405040045343,1.4367536680282151,2.0869941720327496,NINO3.4 NINO,1.0
1992-07-01,1992,7,-0.4567963263588319,1.1168757997713512,1.5736721261301831,NINO3.4 NINO,1.0
1992-08-01,1992,8,-0.42583499255451285,0.8014587030038716,1.2272936955583844,NINO3.4 NINO,1.0
1992-09-01,1992,9,-0.04653986371335014,0.4552217304915591,0.5017615942049093,Neutral,0.0
1992-10-01,1992,10,-0.36376439753078105,0.0900062029153263,0.45377060044610734,Neutral,0.0
1992-11-01,1992,11,-0.7832167400747131,-0.1039156994685873,0.6793010406061258,Neutral,0.0
1992-12-01,1992,12,-0.9926924793457844,-0.16596097563909853,0.8267315037066859,Neutral,0.0
1993-01-01,1993,1,-0.6989649323308986,-0.12581403223464957,0.573150900096249,Neutral,0.0
1993-02-01,1993,2,-0.630176373555944,0.005575964361729366,0.6357523379176734,Neutral,0.0
1993-03-01,1993,3,-0.5998214401540934,0.19592924955413807,0.7957506897082315,Neutral,0.0
1993-04-01,1993,4,-0.8395540952187664,0.39990816402320933,1.2394622592419757,Neutral,0.0
1993-05-01,1993,5,-0.847927210538369,0.5849085234283593,1.4328357339667281,NINO3.4 NINO,1.0
1993-06-01,1993,6,-1.1750206656216873,0.6313816518541121,1.8064023174757993,CEI NINO,3.0
1993-07-01,1993,7,-1.0712013448742441,0.6180804423221331,1.6892817871963772,CEI NINO,3.0
1993-08-01,1993,8,-1.3308133318161033,0.5459781540664665,1.8767914858825698,CEI NINO,3.0
1993-09-01,1993,9,-1.1298864317137154,0.4503554343213221,1.5802418660350375,SOI NINO,2.0
1993-10-01,1993,10,-1.156759896225194,0.31142267866107637,1.4681825748862702,SOI NINO,2.0
1993-11-01,1993,11,-0.6880675154601953,0.2610565132991335,0.9491240287593288,Neutral,0.0
1993-12-01,1993,12,-0.33550934773018054,0.2087438294690945,0.544253177199275,Neutral,0.0
1994-01-01,1994,1,0.05313294942188757,0.20509410734141634,0.15196115791952877,Neutral,0.0
1994-02-01,1994,2,0.10866307302896323,0.16373058989440764,0.05506751686544441,Neutral,0.0
1994-03-01,1994,3,-0.19354278830250798,0.15699888019224703,0.350541668494755,Neutral,0.0
1994-04-01,1994,4,-0.7056545845049023,0.19309057678816688,0.8987451612930691,Neutral,0.0
1994-05-01,1994,5,-1.1492154102720087,0.2564335319374103,1.405648942209419,SOI NINO,2.0
1994-06-01,1994,6,-1.1783861355780412,0.3369707335548177,1.515356869132859,SOI NINO,2.0
1994-07-01,1994,7,-1.3202954274024856,0.40153026274661907,1.7218256901491047,SOI NINO,2.0
1994-08-01,1994,8,-1.472339669780212,0.47055056342780394,1.942890233208016,SOI NINO,2.0
1994-09-01,1994,9,-1.8424210918443347,0.4917189517683299,2.3341400436126647,SOI NINO,2.0
1994-10-01,1994,10,-1.5988657590005937,0.5839352641943065,2.1828010231949,CEI NINO,3.0
1994-11-01,1994,11,-1.3282866517413023,0.7817502035144123,2.1100368552557147,CEI NINO,3.0
1994-12-01,1994,12,-1.103643657320014,1.0068164013878407,2.1104600587078544,CEI NINO,3.0
1995-01-01,1995,1,-0.7738405801095342,1.1515887124523692,1.9254292925619034,NINO3.4 NINO,1.0
1995-02-01,1995,2,-0.5484624978225668,1.2537809320273312,1.8022434298498982,NINO3.4 NINO,1.0
1995-03-01,1995,3,0.1189392709118233,1.215418297218635,1.0964790263068116,NINO3.4 NINO,1.0
1995-04-01,1995,4,-0.12641527606055997,1.010628333387861,1.1370436094484209,NINO3.4 NINO,1.0
1995-05-01,1995,5,-0.3212029662816883,0.6773681506628491,0.9985711169445374,NINO3.4 NINO,1.0
1995-06-01,1995,6,-0.4941386940669322,0.4440292493000176,0.9381679433669499,Neutral,0.0
1995-07-01,1995,7,0.08118259586324784,0.23120989678835088,0.15002730092510302,Neutral,0.0
1995-08-01,1995,8,0.44625035841703553,-0.03311109019164781,-0.47936144860868335,Neutral,0.0
1995-09-01,1995,9,0.46855348511125994,-0.2771558431289991,-0.745709328240259,Neutral,0.0
1995-10-01,1995,10,0.26707628359448066,-0.4404200796404274,-0.707496363234908,Neutral,0.0
1995-11-01,1995,11,0.1633719526931985,-0.6903043879820581,-0.8536763406752566,NINO3.4 NINA,-1.0
1995-12-01,1995,12,-0.13332874682079024,-0.8837396607489483,-0.7504109139281581,NINO3.4 NINA,-1.0
1996-01-01,1996,1,0.15762763719588654,-0.9652501216004068,-1.1228777587962933,NINO3.4 NINA,-1.0
1996-02-01,1996,2,0.20493518559143759,-1.0187793794730053,-1.223714565064443,NINO3.4 NINA,-1.0
1996-03-01,1996,3,0.7470362969244558,-0.9914470159835113,-1.738483312907967,NINO3.4 NINA,-1.0
1996-04-01,1996,4,0.7568286453024609,-0.8604625440679832,-1.617291189370444,NINO3.4 NINA,-1.0
1996-05-01,1996,5,0.8358833333176404,-0.721691998280078,-1.5575753315977185,NINO3.4 NINA,-1.0
1996-06-01,1996,6,1.1710456723334504,-0.5657272060240087,-1.736772878357459,CEI NINA,-3.0
1996-07-01,1996,7,1.1780476888687512,-0.4208737900233095,-1.5989214788920607,SOI NINA,-2.0
1996-08-01,1996,8,1.298154910904793,-0.3177894161504706,-1.6159443270552636,SOI NINA,-2.0
1996-09-01,1996,9,0.8484296004343109,-0.32095250866112635,-1.1693821090954373,Neutral,0.0
1996-10-01,1996,10,0.73708997378357,-0.3309284158101116,-1.0680183895936817,Neutral,0.0
1996-11-01,1996,11,0.44570454245704055,-0.35696310032087375,-0.8026676427779142,Neutral,0.0
1996-12-01,1996,12,0.4766423778482662,-0.4311741169169759,-0.9078164947652421,Neutral,0.0
1997-01-01,1997,1,0.42599481923497806,-0.5297166143642605,-0.9557114335992386,NINO3.4 NINA,-1.0
1997-02-01,1997,2,0.8883390324478432,-0.5248503181940243,-1.4131893506418676,NINO3.4 NINA,-1.0
1997-03-01,1997,3,0.4602179905801427,-0.4999511027896486,-0.9601690933697913,Neutral,0.0
1997-04-01,1997,4,-0.05938966149921161,-0.38356551938482997,-0.32417585788561837,Neutral,0.0
1997-05-01,1997,5,-1.2452072071059774,-0.07204145955353711,1.1731657475524404,SOI NINO,2.0
1997-06-01,1997,6,-1.8895984924677909,0.35400277015064474,2.2436012626184354,SOI NINO,2.0
1997-07-01,1997,7,-1.8722133264567777,0.82976432572741,2.701977652184188,CEI NINO,3.0
1997-08-01,1997,8,-1.7615337038577397,1.307553504708442,3.069087208566182,CEI NINO,3.0
1997-09-01,1997,9,-1.5049838542055718,1.7666885483702317,3.2716724025758035,CEI NINO,3.0
1997-10-01,1997,10,-1.737758298640834,2.1630483714359747,3.9008066700768085,CEI NINO,3.0
1997-11-01,1997,11,-1.6414982769630497,2.460622382245924,4.102120659208974,CEI NINO,3.0
1997-12-01,1997,12,-1.4123850477307647,2.646758210757462,4.059143258488227,CEI NINO,3.0
1998-01-01,1998,1,-1.6130751817097546,2.7793647813964,4.392439963106154,CEI NINO,3.0
1998-02-01,1998,2,-1.6164406551371346,2.735568115864274,4.352008771001408,CEI NINO,3.0
1998-03-01,1998,3,-2.1589942480468776,2.487954745735418,4.646948993782296,CEI NINO,3.0
1998-04-01,1998,4,-1.9755330497153936,2.1104112678612568,4.085944317576651,CEI NINO,3.0
1998-05-01,1998,5,-1.3141807302698998,1.6749588655612826,2.9891395958311824,CEI NINO,3.0
1998-06-01,1998,6,0.07536067092493055,1.0450168263241952,0.9696561553992646,NINO3.4 NINO,1.0
1998-07-01,1998,7,1.308394364579618,0.40396341083173753,-0.9044309537478805,SOI NINA,-2.0
1998-08-01,1998,8,1.6486801413991092,-0.16693423487314613,-1.8156143762722554,SOI NINA,-2.0
1998-09-01,1998,9,1.510247426492919,-0.6567269444074283,-2.1669743709003475,CEI NINA,-3.0
1998-10-01,1998,10,1.3201451959438792,-1.1168352473032674,-2.4369804432471467,CEI NINA,-3.0
1998-11-01,1998,11,1.2651080035809699,-1.3545538152193077,-2.6196618188002776,CEI NINA,-3.0
1998-12-01,1998,12,1.3634706266765355,-1.552855384156434,-2.91632601083297,CEI NINA,-3.0
1999-01-01,1999,1,1.4599458839906472,-1.7219591760721444,-3.1819050600627916,CEI NINA,-3.0
1999-02-01,1999,2,1.353234242562212,-1.7414243607530897,-3.0946586033153016,CEI NINA,-3.0
1999-03-01,1999,3,1.3115587212242437,-1.636231258539816,-2.9477899797640594,CEI NINA,-3.0
1999-04-01,1999,4,1.3817667139776184,-1.5441771559861783,-2.9259438699637967,CEI NINA,-3.0
1999-05-01,1999,5,1.2330548223389257,-1.3859414255173284,-2.618996247856254,CEI NINA,-3.0
1999-06-01,1999,6,0.9657728221812064,-1.2202440409207866,-2.186016863101993,NINO3.4 NINA,-1.0
1999-07-01,1999,7,0.5906659998633078,-1.158117659814103,-1.748783659677411,NINO3.4 NINA,-1.0
1999-08-01,1999,8,0.6155964702023652,-1.2083216153037062,-1.8239180855060715,NINO3.4 NINA,-1.0
1999-09-01,1999,9,0.4118728074487338,-1.2528482252613706,-1.6647210327101045,NINO3.4 NINA,-1.0
1999-10-01,1999,10,0.5548260056060823,-1.313920242197836,-1.8687462478039183,NINO3.4 NINA,-1.0
1999-11-01,1999,11,0.8077770547740062,-1.4372808501133243,-2.2450579048873305,NINO3.4 NINA,-1.0
1999-12-01,1999,12,1.3021192000125377,-1.6136840862843882,-2.915803286296926,CEI NINA,-3.0
2000-01-01,2000,1,1.109149048340106,-1.780354730114981,-2.889503778455087,CEI NINA,-3.0
2000-02-01,2000,2,1.1080981215271162,-1.9117447267113596,-3.0198428482384756,CEI NINA,-3.0
2000-03-01,2000,3,1.1037152013455371,-1.8844123632218663,-2.9881275645674035,CEI NINA,-3.0
2000-04-01,2000,4,1.4823153343641837,-1.7071980776890943,-3.189513412053278,CEI NINA,-3.0
2000-05-01,2000,5,1.2949598958386548,-1.4857004970071719,-2.7806603928458267,CEI NINA,-3.0
2000-06-01,2000,6,0.7548860693125812,-1.225110337091023,-1.9799964064036042,NINO3.4 NINA,-1.0
2000-07-01,2000,7,0.08091386071619716,-0.9780647015153615,-1.0589785622315586,NINO3.4 NINA,-1.0
2000-08-01,2000,8,0.13534011650802918,-0.833616810195514,-0.9689569267035432,NINO3.4 NINA,-1.0
2000-09-01,2000,9,0.5561607990094676,-0.761352312067507,-1.3175131110769747,NINO3.4 NINA,-1.0
2000-10-01,2000,10,1.0663264842906661,-0.7299647017694846,-1.7962911860601507,CEI NINA,-3.0
2000-11-01,2000,11,1.514718403995576,-0.731667905429065,-2.246386309424641,CEI NINA,-3.0
2000-12-01,2000,12,1.4549640780939614,-0.7985794777698133,-2.2535435558637746,CEI NINA,-3.0
2001-01-01,2001,1,1.3692307531467114,-0.8654910501105624,-2.2347218032572735,CEI NINA,-3.0
2001-02-01,2001,2,1.0252971937187743,-0.8825230867063895,-1.9078202804251636,CEI NINA,-3.0
2001-03-01,2001,3,1.109536852917014,-0.8235597981103597,-1.9330966510273737,CEI NINA,-3.0
2001-04-01,2001,4,0.8938402730359144,-0.7461045840674313,-1.6399448571033457,NINO3.4 NINA,-1.0
2001-05-01,2001,5,0.25775483473541094,-0.5878688535985805,-0.8456236883339915,NINO3.4 NINA,-1.0
2001-06-01,2001,6,0.09801686618795277,-0.42703776517227515,-0.5250546313602279,Neutral,0.0
2001-07-01,2001,7,-0.08415052741159482,-0.2602860164055127,-0.17613548899391787,Neutral,0.0
2001-08-01,2001,8,-0.07599558372149195,-0.145035902107083,-0.06904031838559105,Neutral,0.0
2001-09-01,2001,9,-0.24603030932081005,-0.06547195972372222,0.18055834959708783,Neutral,0.0
2001-10-01,2001,10,-0.17707871348237536,-0.043816941766171166,0.13326177171620418,Neutral,0.0
2001-11-01,2001,11,0.2782516524388833,-0.08931681095787881,-0.3675684633967621,Neutral,0.0
2001-12-01,2001,12,-0.08140359996840678,-0.20489134500098868,-0.1234877450325819,Neutral,0.0
2002-01-01,2002,1,0.037785814944958536,-0.2572040288310294,-0.2949898437759879,Neutral,0.0
2002-02-01,2002,2,0.08226724257880229,-0.23773884415008473,-0.32000608672888703,Neutral,0.0
2002-03-01,2002,3,0.3547168219297319,-0.1714761112987012,-0.5261929332284331,Neutral,0.0
2002-04-01,2002,4,0.23243409774160223,-0.05752367597900018,-0.2899577737206024,Neutral,0.0
2002-05-01,2002,5,-0.4843079992299478,0.15910760853268532,0.6434156077626332,Neutral,0.0
2002-06-01,2002,6,-0.5443654308527279,0.39536628759765335,0.9397317184503813,Neutral,0.0
2002-07-01,2002,7,-0.7962024253894741,0.5791500729602437,1.3753524983497178,NINO3.4 NINO,1.0
2002-08-01,2002,8,-0.7934198132912751,0.7211648161949727,1.5145846294862477,NINO3.4 NINO,1.0
2002-09-01,2002,9,-0.9732503095230405,0.8956215338979409,1.8688718434209814,NINO3.4 NINO,1.0
2002-10-01,2002,10,-0.9147311279907466,1.048666548451871,1.9633976764426175,NINO3.4 NINO,1.0
2002-11-01,2002,11,-0.6944127995487082,1.1953853779844954,1.8897981775332036,NINO3.4 NINO,1.0
2002-12-01,2002,12,-0.7819915680774533,1.3523234294746158,2.134314997552069,NINO3.4 NINO,1.0
2003-01-01,2003,1,-0.627716386830144,1.419235001815364,2.046951388645508,NINO3.4 NINO,1.0
2003-02-01,2003,2,-0.5896083897065765,1.390037224793946,1.9796456145005226,NINO3.4 NINO,1.0
2003-03-01,2003,3,-0.3190023797600703,1.237316629984698,1.5563190097447683,NINO3.4 NINO,1.0
2003-04-01,2003,4,-0.32648339081726224,0.8865377810468359,1.2130211718640982,NINO3.4 NINO,1.0
2003-05-01,2003,5,-0.31926686597574727,0.4267538978956811,0.7460207638714283,Neutral,0.0
2003-06-01,2003,6,-0.5445720923566423,0.15205147908584102,0.6966235714424833,Neutral,0.0
2003-07-01,2003,7,-0.32479125442630014,0.05359008657472794,0.37838134100102805,Neutral,0.0
2003-08-01,2003,8,-0.11455034634847192,0.02528446385118699,0.1398348101996589,Neutral,0.0
2003-09-01,2003,9,0.12398379916121065,0.10484840623454775,-0.0191353929266629,Neutral,0.0
2003-10-01,2003,10,-0.0461800866800321,0.35521934419320184,0.40139943087323393,Neutral,0.0
2003-11-01,2003,11,-0.21191357096345415,0.48003984095976326,0.6919534119232174,Neutral,0.0
2003-12-01,2003,12,0.2378130603925671,0.4739569707469683,0.2361439103544012,Neutral,0.0
2004-01-01,2004,1,-0.12697359252988577,0.43381002734251933,0.5607836198724051,Neutral,0.0
2004-02-01,2004,2,0.30530644059866213,0.42164428691692846,0.11633784631826632,Neutral,0.0
2004-03-01,2004,3,0.088747198006615,0.30785406146957056,0.21910686346295555,Neutral,0.0
2004-04-01,2004,4,0.1247750419538525,0.24175353849053022,0.11697849653667772,Neutral,0.0
2004-05-01,2004,5,0.4234389211574045,0.183439089383867,-0.2399998317735375,Neutral,0.0
2004-06-01,2004,6,-0.14345196219977535,0.18854870036261182,0.33200066256238714,Neutral,0.0
2004-07-01,2004,7,-0.04305507018276956,0.2798728584907125,0.322927928673482,Neutral,0.0
2004-08-01,2004,8,-0.8224131895496691,0.4462190825766231,1.2686322721262924,Neutral,0.0
2004-09-01,2004,9,-0.5104959350171937,0.6012106155986456,1.1117065506158395,NINO3.4 NINO,1.0
2004-10-01,2004,10,-0.34760439215207284,0.7542556301525757,1.1018600223046486,NINO3.4 NINO,1.0
2004-11-01,2004,11,-0.5013120630761291,0.8498783498977203,1.3511904129738492,NINO3.4 NINO,1.0
2004-12-01,2004,12,-0.6716455570367781,0.8754264047914616,1.5470719618282396,NINO3.4 NINO,1.0
2005-01-01,2005,1,-0.5192508392193859,0.8474452018126026,1.3666960410319886,NINO3.4 NINO,1.0
2005-02-01,2005,2,-1.0236818264013288,0.7452529822376415,1.7689348086389702,CEI NINO,3.0
2005-03-01,2005,3,-0.5983747036159753,0.6363290529605198,1.2347037565764951,NINO3.4 NINO,1.0
2005-04-01,2005,4,-0.8977487492796168,0.5312981606195882,1.429046909899205,NINO3.4 NINO,1.0
2005-05-01,2005,5,-0.5041287704385781,0.4535185268319804,0.9576472972705585,Neutral,0.0
2005-06-01,2005,6,-0.40469421021102353,0.37103480674647255,0.7757290169574961,Neutral,0.0
2005-07-01,2005,7,-0.10178578299037541,0.33096896827819344,0.4327547512685689,Neutral,0.0
2005-08-01,2005,8,0.1865270841988378,0.30266334555465335,0.11613626135581556,Neutral,0.0
2005-09-01,2005,9,0.07198753581456334,0.24110469900116288,0.16911716318659953,Neutral,0.0
2005-10-01,2005,10,0.43982142918475065,0.12893657227721556,-0.3108848569075351,Neutral,0.0
2005-11-01,2005,11,0.48689943473517605,-0.08931681095787881,-0.5762162456930549,Neutral,0.0
2005-12-01,2005,12,0.3884609632898389,-0.34601393393784086,-0.7344748972276798,Neutral,0.0
2006-01-01,2006,1,0.38814100703678334,-0.6392082781945762,-1.0273492852313595,NINO3.4 NINA,-1.0
2006-02-01,2006,2,0.5417256516148562,-0.7973629037272554,-1.3390885553421117,NINO3.4 NINA,-1.0
2006-03-01,2006,3,1.129108164856856,-0.9062868330043771,-2.035394997861233,CEI NINA,-3.0
2006-04-01,2006,4,1.203064085548701,-0.8239653227912124,-2.027029408339913,CEI NINA,-3.0
2006-05-01,2006,5,0.893038876567881,-0.6097671863646446,-1.5028060629325255,NINO3.4 NINA,-1.0
2006-06-01,2006,6,0.201336552877034,-0.32971184176755103,-0.531048394644585,Neutral,0.0
2006-07-01,2006,7,-0.6386591077313347,-0.14106176023472455,0.49759734749661017,Neutral,0.0
2006-08-01,2006,8,-0.8624151798184989,0.0666479812981948,0.9290631611166937,Neutral,0.0
2006-09-01,2006,9,-0.9867504988351958,0.24840414325651755,1.2351546420917134,Neutral,0.0
2006-10-01,2006,10,-1.1587994979996654,0.416048046321156,1.5748475443208214,SOI NINO,2.0
2006-11-01,2006,11,-0.7336868886300224,0.6430607626626794,1.376747651292702,NINO3.4 NINO,1.0
2006-12-01,2006,12,-0.6334050322399251,0.9046241818128795,1.5380292140528047,NINO3.4 NINO,1.0
2007-01-01,2007,1,-0.3728827881290843,0.9958672350048086,1.368750023133893,NINO3.4 NINO,1.0
2007-02-01,2007,2,-0.3496265838009473,0.9155733481959097,1.265199931996857,NINO3.4 NINO,1.0
2007-03-01,2007,3,-0.1645705375602495,0.7312218282801262,0.8957923658403757,NINO3.4 NINO,1.0
2007-04-01,2007,4,0.07519180714387796,0.4096407563636817,0.3344489492198037,Neutral,0.0
2007-05-01,2007,5,0.11900452803858194,0.03745020427677955,-0.08155432376180238,Neutral,0.0
2007-06-01,2007,6,0.3704891237865018,-0.17155721623487105,-0.5420463400213729,Neutral,0.0
2007-07-01,2007,7,0.22823224210904894,-0.2919169415120473,-0.5201491836210962,Neutral,0.0
2007-08-01,2007,8,0.42608215731976284,-0.4272810799807855,-0.8533632373005484,Neutral,0.0
2007-09-01,2007,9,0.1291282996090325,-0.5764330575985295,-0.705561357207562,NINO3.4 NINA,-1.0
2007-10-01,2007,10,0.5130981655263495,-0.739697294109957,-1.2527954596363065,NINO3.4 NINA,-1.0
2007-11-01,2007,11,0.629965094570679,-1.0090467871325322,-1.639011881703211,NINO3.4 NINA,-1.0
2007-12-01,2007,12,1.1139056366593845,-1.2462787254315497,-2.3601843620909344,CEI NINA,-3.0
2008-01-01,2008,1,1.3583944094691198,-1.4810775156454503,-2.8394719251145704,CEI NINA,-3.0
2008-02-01,2008,2,1.7258708169660681,-1.670863066284664,-3.3967338832507323,CEI NINA,-3.0
2008-03-01,2008,3,1.7612385904801162,-1.704359404923124,-3.4655979954032405,CEI NINA,-3.0
2008-04-01,2008,4,1.4843932260951165,-1.600139561943896,-3.0845327880390125,CEI NINA,-3.0
2008-05-01,2008,5,0.7425498715641499,-1.456502719985754,-2.199052591549904,NINO3.4 NINA,-1.0
2008-06-01,2008,6,0.5201954136720909,-1.2032120043249588,-1.7234074179970498,NINO3.4 NINA,-1.0
2008-07-01,2008,7,0.43426600786301617,-0.8710061857701634,-1.3052721936331797,NINO3.4 NINA,-1.0
2008-08-01,2008,8,0.9297079050951798,-0.6146334825348825,-1.5443413876300622,NINO3.4 NINA,-1.0
2008-09-01,2008,9,1.0906850886596993,-0.4450430610021506,-1.5357281496618498,SOI NINA,-2.0
2008-10-01,2008,10,1.4926760404473727,-0.3017306387886938,-1.7944066792360664,SOI NINA,-2.0
2008-11-01,2008,11,1.618638941087815,-0.2693697692566211,-1.888008710344436,SOI NINA,-2.0
2008-12-01,2008,12,1.6079703638797531,-0.3995431918104404,-2.0075135556901937,SOI NINA,-2.0
2009-01-01,2009,1,1.407428826340881,-0.6027110569178046,-2.0101398832586854,CEI NINA,-3.0
2009-02-01,2009,2,1.3285716258021094,-0.7511330901100105,-2.07970471591212,CEI NINA,-3.0
2009-03-01,2009,3,0.983639110134574,-0.8527575751317776,-1.8363966852663516,NINO3.4 NINA,-1.0
2009-04-01,2009,4,0.9844282087307243,-0.7899012495995575,-1.774329458330282,NINO3.4 NINA,-1.0
2009-05-01,2009,5,0.4120555600074364,-0.534339595725982,-0.9463951557334185,NINO3.4 NINA,-1.0
2009-06-01,2009,6,0.32111142206790855,-0.19832184517117035,-0.5194332672390789,Neutral,0.0
2009-07-01,2009,7,0.09230452236962552,0.11198564061756187,0.01968111824793635,Neutral,0.0
2009-08-01,2009,8,0.0940993366577878,0.3926898247040245,0.2985904880462367,Neutral,0.0
2009-09-01,2009,9,0.16993848644059578,0.6036437636837642,0.4337052772431684,NINO3.4 NINO,1.0
2009-10-01,2009,10,-0.40538124434553713,0.7858865552591121,1.1912677996046492,NINO3.4 NINO,1.0
2009-11-01,2009,11,-0.5644337212070891,1.0542627890476435,1.6186965102547326,NINO3.4 NINO,1.0
2009-12-01,2009,12,-0.9379577778141486,1.3596228737299705,2.297580651544119,NINO3.4 NINO,1.0
2010-01-01,2010,1,-0.7960542053014866,1.5968548120289878,2.3929090173304743,NINO3.4 NINO,1.0
2010-02-01,2010,2,-0.9490193901635431,1.7452768452211938,2.694296235384737,NINO3.4 NINO,1.0
2010-03-01,2010,3,-0.939461588311718,1.7458445797743878,2.6853061680861057,NINO3.4 NINO,1.0
2010-04-01,2010,4,-0.09114395908259737,1.5264557274329045,1.6175996865155018,NINO3.4 NINO,1.0
2010-05-01,2010,5,0.7857548647529762,1.11776795406923,0.33201308931625384,NINO3.4 NINO,1.0
2010-06-01,2010,6,1.232530884864632,0.6216490595136397,-0.6108818253509922,Neutral,0.0
2010-07-01,2010,7,1.5881126326545556,0.08278786359614404,-1.5053247690584115,SOI NINA,-2.0
2010-08-01,2010,8,1.9036164237397304,-0.4735108935980312,-2.3771273173377616,SOI NINA,-2.0
2010-09-01,2010,9,2.584025060508698,-0.9973676763239674,-3.5813927368326652,CEI NINA,-3.0
2010-10-01,2010,10,2.416688844652341,-1.3942141290067358,-3.810902973659077,CEI NINA,-3.0
2010-11-01,2010,11,2.16328093998922,-1.6270664007525395,-3.79034734074176,CEI NINA,-3.0
2010-12-01,2010,12,2.2552540949792323,-1.7523735271361216,-4.007627622115354,CEI NINA,-3.0
2011-01-01,2011,1,2.2350406762717556,-1.8241513956471072,-4.059192071918863,CEI NINA,-3.0
2011-02-01,2011,2,2.406408041826735,-1.7341249164977361,-4.140532958324471,CEI NINA,-3.0
2011-03-01,2011,3,2.3055103965463815,-1.597300889177926,-3.902811285724307,CEI NINA,-3.0
2011-04-01,2011,4,2.416620140206407,-1.3981882708790907,-3.8148084110854974,CEI NINA,-3.0
2011-05-01,2011,5,1.8849063743345666,-1.1158619880692158,-3.0007683624037824,CEI NINA,-3.0
2011-06-01,2011,6,1.14996266180027,-0.740913868152514,-1.890876529952784,CEI NINA,-3.0
2011-07-01,2011,7,0.8278767499046257,-0.5060339730024436,-1.3339107229070692,NINO3.4 NINA,-1.0
2011-08-01,2011,8,0.8229821688541955,-0.3664523778528331,-1.1894345467070286,Neutral,0.0
2011-09-01,2011,9,1.0871130903428647,-0.38178121078907873,-1.4688943011319435,SOI NINA,-2.0
2011-10-01,2011,10,0.9254804327275021,-0.5158476702790892,-1.4413281030065912,NINO3.4 NINA,-1.0
2011-11-01,2011,11,1.2008894683353044,-0.7559993862802475,-1.9568888546155518,CEI NINA,-3.0
2011-12-01,2011,12,1.6258875925750098,-0.9737661398983194,-2.599653732473329,CEI NINA,-3.0
2012-01-01,2012,1,1.643580635346384,-1.0820412296860764,-2.72562186503246,CEI NINA,-3.0
2012-02-01,2012,2,1.3068926750694387,-1.084474377771195,-2.391367052840634,CEI NINA,-3.0
2012-03-01,2012,3,0.7082862289250215,-0.9890138678983927,-1.6973000968234142,NINO3.4 NINA,-1.0
2012-04-01,2012,4,0.26710072078481706,-0.8020669900251476,-1.0691677108099646,NINO3.4 NINA,-1.0
2012-05-01,2012,5,0.15432391816753274,-0.5878688535985797,-0.7421927717661124,NINO3.4 NINA,-1.0
2012-06-01,2012,6,-0.3486858607784063,-0.38567424772526565,-0.03698838694685935,Neutral,0.0
2012-07-01,2012,7,-0.2683600880067784,-0.19702416619243998,0.07133592181433843,Neutral,0.0
2012-08-01,2012,8,-0.3560404278870787,-0.028244794021411654,0.327795633865667,Neutral,0.0
2012-09-01,2012,9,-0.006515927947308893,0.22407266240533674,0.23058859035264564,Neutral,0.0
2012-10-01,2012,10,0.1620631004017064,0.4111817501509198,0.24911864974921338,Neutral,0.0
2012-11-01,2012,11,0.3623384065781347,0.526269654577009,0.16393124799887432,NINO3.4 NINO,1.0
2012-12-01,2012,12,0.06910490811408927,0.38879678776783594,0.3196918796537467,Neutral,0.0
2013-01-01,2013,1,-0.09353016794593855,0.1296665167027545,0.22319668464869305,Neutral,0.0
2013-02-01,2013,2,-0.2784086775935446,-0.21097421521378457,0.06743446237976003,Neutral,0.0
2013-03-01,2013,3,0.4526135320606357,-0.45858758534264,-0.9112011174032757,Neutral,0.0
2013-04-01,2013,4,0.5757001996645942,-0.5709179219389261,-1.1466181216035203,NINO3.4 NINA,-1.0
2013-05-01,2013,5,1.0655344624687957,-0.488109782108738,-1.5536442445775336,SOI NINA,-2.0
2013-06-01,2013,6,1.2301147421742307,-0.37107535921455886,-1.6011901013887895,SOI NINA,-2.0
2013-07-01,2013,7,1.499609925080707,-0.29678323768228515,-1.796393162762992,SOI NINA,-2.0
2013-08-01,2013,8,1.160938181217426,-0.2764258987034628,-1.4373640799208887,SOI NINA,-2.0
2013-09-01,2013,9,0.6021816704433167,-0.3477171375974257,-0.9498988080407424,Neutral,0.0
2013-10-01,2013,10,0.21947068977570278,-0.3528267485761748,-0.5722974383518775,Neutral,0.0
2013-11-01,2013,11,0.43285057200136545,-0.32776532329945673,-0.7606158953008222,Neutral,0.0
2013-12-01,2013,12,0.3344121005560283,-0.3679122667039049,-0.7023243672599333,Neutral,0.0
2014-01-01,2014,1,0.7762522273599639,-0.4348238390446532,-1.2110760664046172,Neutral,0.0
2014-02-01,2014,2,0.48288688233521465,-0.5540480952154422,-1.0369349775506569,NINO3.4 NINA,-1.0
2014-03-01,2014,3,0.12259128829732893,-0.6362073955562636,-0.7587986838535925,NINO3.4 NINA,-1.0
2014-04-01,2014,4,0.026585173326285565,-0.6195808836412876,-0.6461660569675731,NINO3.4 NINA,-1.0
2014-05-01,2014,5,0.29611712304121546,-0.4418799684914923,-0.7379970915327078,Neutral,0.0
2014-06-01,2014,6,0.7107418217694834,-0.2591505472991237,-0.9698923690686071,Neutral,0.0
2014-07-01,2014,7,0.2959562140981813,-0.06806731768117956,-0.36402353177936086,Neutral,0.0
2014-08-01,2014,8,-0.2980914675298796,0.022851315766068473,0.32094278329594805,Neutral,0.0
2014-09-01,2014,9,-0.6683006619287025,0.09511581389407454,0.763416475822777,Neutral,0.0
2014-10-01,2014,10,-0.8175836464005141,0.14596860887304258,0.9635522552735567,Neutral,0.0
2014-11-01,2014,11,-0.8509841762189587,0.3194520673419665,1.1704362435609252,Neutral,0.0
2014-12-01,2014,12,-0.7551725546399001,0.4763901188320877,1.2315626734719878,Neutral,0.0
2015-01-01,2015,1,-0.7726643424958959,0.6308950222370886,1.4035593647329845,NINO3.4 NINO,1.0
2015-02-01,2015,2,-0.3578064358508399,0.7038894647906329,1.0616959006414728,NINO3.4 NINO,1.0
2015-03-01,2015,3,-0.42221931317695705,0.7166229397694177,1.1388422529463749,NINO3.4 NINO,1.0
2015-04-01,2015,4,-0.1895862542854794,0.7113511189183306,0.90093737320381,NINO3.4 NINO,1.0
2015-05-01,2015,5,-0.6629721314420735,0.7746940740675732,1.4376662055096467,NINO3.4 NINO,1.0
2015-06-01,2015,6,-0.7366488606581739,0.9063273854724616,1.6429762461306354,NINO3.4 NINO,1.0
2015-07-01,2015,7,-1.2807381105811388,1.124175244026705,2.404913354607844,CEI NINO,3.0
2015-08-01,2015,8,-1.4981340532663623,1.390280539602459,2.888414592868821,CEI NINO,3.0
2015-09-01,2015,9,-1.8265621493355455,1.645031144114325,3.4715932934498706,CEI NINO,3.0
2015-10-01,2015,10,-1.9340833310685552,1.907567822498571,3.8416511535671263,CEI NINO,3.0
