,east,west,dmi
1900-01-01,0.009394131807470204,-0.9205521489107538,-0.9299462807182239
1900-02-01,0.3030720111776941,0.35970732383661386,0.056635312658919745
1900-03-01,0.384547106344701,0.5340682936003686,0.14952118725566754
1900-04-01,0.2750388471940564,-0.1104315085350149,-0.3854703557290713
1900-05-01,-0.3350249138340977,0.1502850420336744,0.48530995586777215
1900-06-01,-0.4142538162802857,0.2999149382066138,0.7141687544868995
1900-07-01,-0.35159558544424785,-0.08905911053218493,0.2625364749120629
1900-08-01,0.039174065197852805,-0.7057349302497432,-0.744908995447596
1900-09-01,0.23995435938040943,-0.9583070776867861,-1.1982614370671956
1900-10-01,0.13184618257868277,-0.8473809104655378,-0.9792270930442205
1900-11-01,0.7428663634971383,0.22052963636466621,-0.5223367271324721
1900-12-01,0.7422905720549424,0.5511877814788857,-0.19110279057605672
1901-01-01,-0.010170655302099133,0.06161010058283136,0.07178075588493049
1901-02-01,-0.6462565529399896,-0.7218671010307222,-0.07561054809073253
1901-03-01,-0.5581628866690018,-0.43395824556304774,0.12420464110595408
1901-04-01,-0.3508888772109837,-0.21463904068289602,0.1362498365280877
1901-05-01,-0.5704933088795681,-1.1682262277819855,-0.5977329189024174
1901-06-01,-0.8802084951555924,-1.7011161873327398,-0.8209076921771474
1901-07-01,-0.8600254898659809,-1.692691894568762,-0.832666404702781
1901-08-01,-0.5103127995337391,-1.4307196923467653,-0.9204068928130262
1901-09-01,-0.885384557172807,-2.0810368335835103,-1.1956522764107034
1901-10-01,-0.9276343149123955,-1.7641221681449757,-0.8364878532325802
1901-11-01,-0.9248680916048336,-1.8717288186488164,-0.9468607270439827
1901-12-01,-0.9104248178495349,-1.8857200905219342,-0.9752952726723993
1902-01-01,-0.9316066697672925,-2.1059489367071653,-1.1743422669398729
1902-02-01,-1.419865690824513,-2.2467327798215337,-0.8268670889970207
1902-03-01,-1.358500869396525,-2.034490417388237,-0.6759895479917122
1902-04-01,-1.1413353690578318,-1.513063735737839,-0.3717283666800071
1902-05-01,-0.7333028848824362,-1.3474839822141569,-0.6141810973317207
1902-06-01,-0.9261748351304914,-0.6270718206930556,0.2991030144374358
1902-07-01,-1.3197252553902725,0.2817818133339395,1.601507068724212
1902-08-01,-1.705619467757609,0.08070358070772758,1.7863230484653367
1902-09-01,-2.1309850926318727,-0.036635654006635404,2.0943494386252373
1902-10-01,-2.40775773525922,-0.33710872939175157,2.0706490058674683
1902-11-01,-1.7597171950888275,-0.16292557941734456,1.596791615671483
1902-12-01,-0.7222682964649382,-0.6063805302588138,0.1158877662061244
1903-01-01,-0.04315441349611321,-0.6260710226728587,-0.5829166091767455
1903-02-01,-0.30267270793773426,-0.8207785564200247,-0.5181058484822905
1903-03-01,-0.5431801872468038,-0.941861635941179,-0.39868144869437516
1903-04-01,-1.1470811615546943,-1.416328486434788,-0.26924732488009373
1903-05-01,-1.400905787777377,-1.1715194246027747,0.22938636317460226
1903-06-01,-0.8262780503907379,-0.61181911962835,0.21445893076238787
1903-07-01,-0.4442192151246824,-0.9723484215583481,-0.5281292064336658
1903-08-01,-0.9511387276790965,-0.672802962041856,0.2783357656372405
1903-09-01,-0.5912581665739247,-1.259913834472587,-0.6686556678986624
1903-10-01,-0.3677468384459766,-1.789485561203331,-1.4217387227573544
1903-11-01,-0.8505000811232912,-1.8663364495855366,-1.0158363684622453
1903-12-01,-1.7293457117536186,-1.7526633838855072,-0.023317672131888623
1904-01-01,-2.0833107734105423,-1.3017541247627518,0.7815566486477905
1904-02-01,-2.5368404790595123,-1.0838683913252551,1.4529720877342571
1904-03-01,-2.4823124233872846,-1.1154188859350256,1.366893537452259
1904-04-01,-2.203725128572638,-1.5161836064101646,0.6875415221624732
1904-05-01,-1.6137546705883639,-1.707848303328766,-0.09409363274040206
1904-06-01,-1.3616913600825467,-1.6557817702793092,-0.2940904101967625
1904-07-01,-1.5203552377016027,-1.3181533462021024,0.2022018914995003
1904-08-01,-1.4312033273694833,-1.4330884830424195,-0.001885155672936234
1904-09-01,-1.0112828712496291,-1.3639480404720057,-0.35266516922237656
1904-10-01,-1.4977405742371583,-0.64738179360068,0.8503587806364783
1904-11-01,-1.3899136260977247,-0.7841072370462313,0.6058063890514934
1904-12-01,-0.8763500863966229,-0.7732550943063817,0.1030949920902412
1905-01-01,-1.3142473574380937,-0.4234527551201222,0.8907946023179716
1905-02-01,-1.3952824267240134,-0.3050562309001374,1.090226195823876
1905-03-01,-0.7997407319643011,-0.682604234763065,0.11713649720123609
1905-04-01,-0.9119764242621899,-1.487681084218543,-0.5757046599563531
1905-05-01,-1.0678316518358386,-1.7836110886678465,-0.7157794368320078
1905-06-01,-0.7854392847326584,-1.0769302097971682,-0.2914909250645098
1905-07-01,-0.9725775644089512,-1.1008986483347494,-0.12832108392579822
1905-08-01,-0.9923775168654385,-0.6736888512451092,0.31868866562032927
1905-09-01,-0.9279325142698269,-0.9577293238585778,-0.02979680958875086
1905-10-01,-0.7344229507615717,-0.7429037598644925,-0.008480809102920817
1905-11-01,-0.14267663075031306,-0.5192071068126141,-0.376530476062301
1905-12-01,0.6210107114407889,-0.3189865176469437,-0.9399972290877325
1906-01-01,-0.3058607742387354,-0.46749685529055357,-0.16163608105181815
1906-02-01,0.4576629219635309,0.5224798357039011,0.06481691374037019
1906-03-01,-0.22745252612174233,-0.4848776162891607,-0.2574250901674184
1906-04-01,-0.767531564784104,-1.0922085888097945,-0.32467702402569054
1906-05-01,-0.5702751142277888,-0.9727721076990345,-0.4024969934712458
1906-06-01,-0.3438860410813687,-0.573610333122825,-0.22972429204145622
1906-07-01,-0.036995263353380985,-1.3313453919461977,-1.2943501285928167
1906-08-01,0.3767211915008732,-1.8429663072345013,-2.2196874987353743
1906-09-01,0.5470269659848808,-2.7923480884129295,-3.3393750543978102
1906-10-01,0.16526633007625607,-2.443772513188567,-2.609038843264823
1906-11-01,0.20414376825333957,-1.8666253264996406,-2.07076909475298
1906-12-01,-0.4684715506699825,-1.4795206323694456,-1.011049081699463
1907-01-01,-0.2366203380740132,-1.4232364963740682,-1.186616158300055
1907-02-01,-0.7134241399128057,-2.067051339248676,-1.3536271993358704
1907-03-01,-1.4424330787810726,-1.6816754129622205,-0.23924233418114782
1907-04-01,-1.3329830048709024,-1.1966664809499001,0.13631652392100224
1907-05-01,-1.2818078736810197,-1.7409150807632352,-0.45910720708221553
1907-06-01,-1.354018181494964,-1.7061619040990945,-0.3521437226041306
1907-07-01,-1.035999476526217,-1.602754881977631,-0.5667554054514139
1907-08-01,-0.6645036867913134,-2.3591315773560155,-1.694627890564702
1907-09-01,-1.1321263425602233,-1.3393742443122014,-0.20724790175197816
1907-10-01,-1.0632422909934085,-0.8562783194199498,0.2069639715734587
1907-11-01,-0.8599188169251103,-1.0508176626082355,-0.1908988456831252
1907-12-01,-1.0743617328865975,-0.7354699939415431,0.3388917389450544
1908-01-01,-0.8741487447986679,-0.7308370501880083,0.14331169461065962
1908-02-01,-0.5140305939615606,-1.4739870345926052,-0.9599564406310446
1908-03-01,-1.1509613897788413,-1.8054880583473114,-0.6545266685684701
1908-04-01,-0.9334685974624795,-1.6036940529228183,-0.6702254554603388
1908-05-01,-1.0953605437353635,-1.1845766611202873,-0.08921611738492374
1908-06-01,-1.253248618148092,-0.695266030882604,0.557982587265488
1908-07-01,-0.7418730859273348,-1.2782112982119516,-0.5363382122846168
1908-08-01,-0.46634657720015243,-0.9624694730446797,-0.49612289584452723
1908-09-01,-0.9673166489160422,-1.343033351890856,-0.37571670297481374
1908-10-01,-0.8681399065271614,-1.160504226893629,-0.29236432036646753
1908-11-01,-1.0985874001966804,-0.8575590070724777,0.24102839312420277
1908-12-01,-0.8428572073484561,-1.4115767821721221,-0.568719574823666
1909-01-01,-0.8529474978007516,-1.288850955932761,-0.43590345813200937
1909-02-01,-1.3944823796674877,-1.3683736347960826,0.02610874487140502
1909-03-01,-0.9014558054688844,-1.308003495337874,-0.4065476898689897
1909-04-01,-0.3973279722647386,-1.554912371361077,-1.1575843990963386
1909-05-01,-0.6223872702278134,-1.919267687531213,-1.2968804173033996
1909-06-01,-0.30006528184896847,-2.4054558793017757,-2.105390597452807
1909-07-01,-0.30086532890549417,-2.149579621916078,-1.8487142930105838
1909-08-01,0.013827119816124393,-2.14237759947311,-2.1562047192892346
1909-09-01,0.2088252557265217,-1.7342304689708612,-1.943055724697383
1909-10-01,-0.1752991555763815,-1.8295624184200632,-1.6542632628436817
1909-11-01,-0.40087363535615667,-1.3567575731056007,-0.9558839377494441
1909-12-01,-0.3296270205875726,-0.7914735983558913,-0.46184657776831867
1910-01-01,-0.003297523771042164,-0.6781844179772697,-0.6748868942062275
1910-02-01,-0.8705242891941078,-0.9914277788118887,-0.12090348961778086
1910-03-01,-0.9397126010809057,-1.19480226193088,-0.2550896608499743
1910-04-01,-1.0001997951317358,-1.5374834642101198,-0.537283669078384
1910-05-01,-0.6666080529884757,-1.6456049575697653,-0.9789969045812896
1910-06-01,-0.7337998838114895,-1.8407207706888637,-1.1069208868773743
1910-07-01,-0.5861912018826,-1.6306603918801033,-1.0444691899975034
1910-08-01,-0.7005058043349452,-1.8210886956063381,-1.1205828912713929
1910-09-01,-0.10973893587167435,-2.2886045255979,-2.1788655897262257
1910-10-01,-0.05641943613180361,-2.404870422089192,-2.3484509859573883
1910-11-01,-0.7890055550967443,-2.2354055950451546,-1.4464000399484103
1910-12-01,-0.6215350988933623,-1.3157851974551455,-0.6942500985617832
1911-01-01,-0.42266764449140704,-0.5783678149237731,-0.15570017043236606
1911-02-01,-0.26721607702355155,-1.1321300944416097,-0.8649140174180582
1911-03-01,0.40763937365804054,-1.3935110619127389,-1.8011504355707795
1911-04-01,-0.6930908227519682,-1.6637997095174477,-0.9707088867654795
1911-05-01,-0.611368440312944,-1.5492356190245804,-0.9378671787116364
1911-06-01,-0.5073138352642791,-1.705757476419348,-1.1984436411550687
1911-07-01,-0.7959489937933754,-1.916359659929229,-1.1204106661358537
1911-08-01,-0.5223498711569128,-1.4452405718957397,-0.922890700738827
1911-09-01,-0.8637469208713319,-1.6693487140630419,-0.80560179319171
1911-10-01,-0.5343384550796912,-1.5134732990071684,-0.9791348439274772
1911-11-01,-0.0835095143427484,-0.8818439263181767,-0.7983344119754282
1911-12-01,-0.7028489724565548,-1.1607353284249122,-0.4578863559683575
1912-01-01,-0.7593783579626058,-1.0376628498886256,-0.2782844919260198
1912-02-01,-0.3969691632818122,-0.3850943945679608,0.011874768713851402
1912-03-01,-0.866144637655888,-0.5996002681104372,0.2665443695454508
1912-04-01,-0.3532890183805593,-0.5726923464846715,-0.21940332810411217
1912-05-01,-0.34407999188295063,-0.6288930291493097,-0.28481303726635904
1912-06-01,-0.6691779011094356,0.010190651820969102,0.6793685529304048
1912-07-01,-0.05681461089002673,-0.8686801263167947,-0.811865515426768
1912-08-01,0.3425737284973678,-1.1753910172004687,-1.5179647456978365
1912-09-01,0.3686528381550688,-0.7612352468848518,-1.1298880850399207
1912-10-01,-0.20933752125399702,-0.912301182295238,-0.7029636610412411
1912-11-01,-0.3579256547308749,-1.389285113633741,-1.031359458902866
1912-12-01,-0.45421616675371623,-1.371018463431882,-0.9168022966781658
1913-01-01,-0.9395344087819508,-0.8284389302333717,0.11109547854857915
1913-02-01,-0.5984719242002602,-0.14172522366558188,0.4567467005346783
1913-03-01,-1.4158496970392593,-0.8618619891952359,0.5539877078440234
1913-04-01,-1.72987907645797,-1.2090496713345023,0.5208294051234676
1913-05-01,-1.574952388346894,-0.8689690032308992,0.7059833851159949
1913-06-01,-1.8497564303381842,-0.9666370039921576,0.8831194263460266
1913-07-01,-1.7235671900589902,-1.2074942296392255,0.5160729604197647
1913-08-01,-1.6928550806285037,-1.2959874996085325,0.3968675810199711
1913-09-01,-0.9475700329299895,-1.1780653754763764,-0.23049534254638682
1913-10-01,-1.0035296879563946,-0.6660432422518162,0.3374864457045784
1913-11-01,-0.4450944181168198,-0.41680986999311975,0.02828454812370007
1913-12-01,-0.3356273735115112,-0.27272769446837974,0.06289967904313143
1914-01-01,-0.2584761690272685,-0.35637553566511054,-0.09789936663784204
1914-02-01,-0.12175297583716058,0.10145136262739421,0.22320433846455479
1914-03-01,-0.44342886560823613,-0.38898973926748254,0.054439126340753596
1914-04-01,-0.5232262863415603,-0.5776995463291452,-0.0544732599875849
1914-05-01,-0.7513766752048453,-0.5786284460951658,0.17274822910967946
1914-06-01,-0.3760697522188579,0.48520059091309414,0.861270343131952
1914-07-01,-0.42781825046591654,0.12946664575722674,0.5572848962231433
1914-08-01,-0.2969547958685999,-0.32316560367098524,-0.026210807802385327
1914-09-01,-0.6883184208405443,-0.5576347978241606,0.1306836230163837
1914-10-01,-0.11635023382059669,-0.847804596606224,-0.7314543627856273
1914-11-01,0.5520915062911866,-0.6864090646961669,-1.2385005709873536
1914-12-01,0.82793197287843,-0.6308195171920351,-1.458751490070465
1915-01-01,0.07983463855698011,-0.9451259450705578,-1.024960583627538
1915-02-01,0.33918322604721557,-1.0637625581035983,-1.402945784150814
1915-03-01,-0.10609993395699538,-0.7544382940703275,-0.6483383601133321
1915-04-01,0.24267330718008454,0.3924261650767621,0.14975285789667755
1915-05-01,0.5971390043435919,-0.04711418260424504,-0.644253186947837
1915-06-01,0.491617646357964,0.21278966091276535,-0.27882798544519866
1915-07-01,0.5496937895066304,-0.34677583483507635,-0.8964696243417067
1915-08-01,-0.32917487278138524,-0.4037237457841967,-0.07454887300281143
1915-09-01,-0.5590380896611393,-0.22754477730767889,0.33149331235346047
1915-10-01,-0.40193066722477877,-0.06652735318074972,0.33540331404402907
1915-11-01,-0.45527683519986695,0.1096779351923868,0.5649547703922537
1915-12-01,-0.7820172652772481,0.08191686374696544,0.8639341290242135
1916-01-01,-0.9524078932369463,-0.024378927515540296,0.928028965721406
1916-02-01,-1.0169692663135068,-0.8720060625211824,0.1449632037923244
1916-03-01,-1.1291419246008827,-0.6483819496721787,0.48075997492870404
1916-04-01,-1.0008543790870745,-0.6478388610736628,0.3530155180134117
1916-05-01,-0.9885906274645526,-0.71482428186486,0.2737663455996926
1916-06-01,-0.6436854926265204,-0.8986931537948326,-0.2550076611683122
1916-07-01,-0.5974282264492484,-0.8635958926285597,-0.2661676661793113
1916-08-01,0.17572755143657737,-1.3659534882045874,-1.5416810396411647
1916-09-01,0.8087878165697913,-1.4112468205413444,-2.2200346371111355
1916-10-01,0.4339730437428167,-1.8963892778828522,-2.330362321625669
1916-11-01,-0.5017159302536224,-2.044072785603425,-1.5423568553498024
1916-12-01,-0.8537669399374356,-1.6452011718387172,-0.7914342319012816
1917-01-01,-0.9220424708642873,-1.0597715630480729,-0.1377290921837856
1917-02-01,-1.491760828585887,-1.2315230113544193,0.26023781723146766
1917-03-01,-2.757274050404859,-1.6057200430137366,1.1515540073911226
1917-04-01,-2.2426001423647013,-1.492072013312928,0.7505281290517734
1917-05-01,-1.2093308835149004,-1.6149069708309511,-0.40557608731605077
1917-06-01,-0.48062135619657625,-0.9696220654379014,-0.48900070924132516
1917-07-01,0.08097531170878211,-1.1968250422783078,-1.27780035398709
1917-08-01,-0.13356336746098635,-0.749682738115473,-0.6161193706544867
1917-09-01,-0.07380954987863565,-0.9410129797624105,-0.8672034298837749
1917-10-01,0.12439119864288033,-1.963620565025386,-2.0880117636682662
1917-11-01,-0.20486210650749523,-2.5370508687528357,-2.3321887622453406
1917-12-01,-0.6417908357335672,-1.8355903166943723,-1.1937994809608052
1918-01-01,-2.0628732076938547,-1.3436220188469306,0.7192511888469242
1918-02-01,-2.67903066046921,-1.2108201658436129,1.4682104946255972
1918-03-01,-2.3659419424381727,-0.6630761553696161,1.7028657870685566
1918-04-01,-1.1614092770215543,-1.2933632133310695,-0.13195393630951524
1918-05-01,-0.2819308819010652,-1.9336537578536055,-1.6517228759525402
1918-06-01,-1.1330233650175396,-1.1878974617350897,-0.05487409671755006
1918-07-01,0.06577441763480422,-1.42080094301382,-1.4865753606486243
1918-08-01,-1.2555202669116197,-0.9119545299983128,0.34356573691330683
1918-09-01,-1.087287341619518,-0.5116648515597007,0.5756224900598172
1918-10-01,-0.8696309033143219,-0.11059071181212127,0.7590401915022007
1918-11-01,0.1016650134675271,0.4729888008308599,0.3713237873633328
1918-12-01,0.1281453588460001,0.6030893337129531,0.47494397486695306
1919-01-01,0.3938894740183983,0.7673749186614491,0.37348544464305083
1919-02-01,0.9175081505890094,0.4383396198557967,-0.47916853073321264
1919-03-01,-0.02365872135960848,-0.21803238150057452,-0.19437366014096605
1919-04-01,0.0534985440871831,0.5552564523268702,0.501757908239687
1919-05-01,0.009940830629428167,-0.30259692543806355,-0.31253775606749173
1919-06-01,-0.17256687365909718,-1.108071141137609,-0.9355042674785118
1919-07-01,-0.5523346650814676,-0.989681036404604,-0.4373463713231365
1919-08-01,-0.3247018824199038,-1.0556996824565987,-0.730997800036695
1919-09-01,-0.018388108326620925,-0.7638929144946109,-0.74550480616799
1919-10-01,-0.26857736921215486,-0.6026443888363984,-0.3340670196242435
1919-11-01,-0.6970728751469454,-1.0836148215895407,-0.3865419464425953
1919-12-01,-0.41028631019542633,-1.236478855303052,-0.8261925451076255
1920-01-01,-0.42448593325623746,0.48662507507397695,0.9111110083302144
1920-02-01,-0.2330686140200464,1.0402628165443988,1.2733314305644452
1920-03-01,-0.8931280429259639,0.9041773959507623,1.7973054388767262
1920-04-01,-1.065658190665612,-0.406819222405998,0.658838968259614
1920-05-01,-0.8347633979599439,-1.8003852081468346,-0.9656218101868906
1920-06-01,-0.6749600593815946,-1.711785374693657,-1.0368253153120626
1920-07-01,-0.4592382803221772,-2.021029395139677,-1.5617911148174999
1920-08-01,0.1129602232746496,-1.7963608317590118,-1.9093210550336615
1920-09-01,0.1742050376441607,-1.3441118257035123,-1.518316863347673
1920-10-01,-0.7373322127852996,-1.073629309592004,-0.3362970968067044
1920-11-01,-0.4420760587672023,-0.9423925275144327,-0.5003164687472303
1920-12-01,-0.25504081545425034,-1.1315780185613211,-0.8765372031070708
1921-01-01,-0.31727962768186696,-1.0995788018116415,-0.7822991741297745
1921-02-01,-1.2857850773059574,-0.9029736677131602,0.38281140959279714
1921-03-01,-1.7676158414832488,-0.3851187886184855,1.3824970528647633
1921-04-01,-0.6608707458391828,-0.9881743828103764,-0.3273036369711936
1921-05-01,-0.8381817808378241,-1.2104985495459109,-0.3723167687080867
1921-06-01,-0.564989954884683,-1.0308639712280072,-0.46587401634332426
1921-07-01,-0.4874217561770404,-0.9223149400354884,-0.434893183858448
1921-08-01,0.06724844372682642,-1.4176624558292523,-1.4849108995560787
1921-09-01,-0.18301597309431872,-1.4203368141051593,-1.2373208410108405
1921-10-01,-0.12413250973406872,-1.214832345206173,-1.0906998354721043
1921-11-01,-0.43138452083000234,-1.2346204138223145,-0.8032358929923121
1921-12-01,0.385869608372988,-0.7377617507934369,-1.1236313591664249
1922-01-01,-0.030862781445863356,-0.6193305613437593,-0.5884677798978959
1922-02-01,-0.37565881895800607,-0.43168061158251014,-0.056021792624504074
1922-03-01,-1.0413549430348963,-0.6438369528902715,0.39751799014462474
1922-04-01,-0.9305593354387516,-1.026094292401797,-0.09553495696304548
1922-05-01,-0.9652437997241362,-1.224557226032318,-0.2593134263081819
1922-06-01,-0.4526560749934928,-0.5740725361853919,-0.12141646119189908
1922-07-01,-0.3943617371930468,-0.6042036822238636,-0.20984194503081677
1922-08-01,-0.385287264064036,-0.7253207850260129,-0.3400335209619769
1922-09-01,-1.0673225309816856,-1.2275981370147886,-0.16027560603310298
1922-10-01,-0.7287498898153025,-0.6993411212175686,0.029408768597733892
1922-11-01,-0.49964308106171673,-0.636664460087411,-0.13702137902569422
1922-12-01,-1.034723037813306,-0.439583000055007,0.5951400377582992
1923-01-01,-1.4727294061806666,-0.3746325566365003,1.0980968495441663
1923-02-01,-1.2115261641503052,-0.7223293040932887,0.48919686005701657
1923-03-01,-1.2074738045897544,-0.8304321809406913,0.37704162364906313
1923-04-01,-0.4444943828244264,-0.22297795427003939,0.221516428554387
1923-05-01,-0.5223813881621694,-0.411503522055374,0.1108778661067954
1923-06-01,-1.332380545193489,-0.672406237746486,0.6599743074470029
1923-07-01,-0.7139441704995473,-0.7686324217320152,-0.0546882512324679
1923-08-01,-1.3567989511126444,-0.6143342746271513,0.7424646764854931
1923-09-01,-2.0109416683778036,-0.517769783677771,1.4931718847000326
1923-10-01,-2.0646466453358197,-0.23621365252559925,1.8284329928102203
1923-11-01,-1.4895558504104036,0.1282430915388214,1.617798941949225
1923-12-01,-0.2617684838841211,0.054261713836716526,0.3160301977208376
1924-01-01,-0.14825150410328097,-0.14407026225941058,0.0041812418438703924
1924-02-01,0.24325031081479076,-0.008995910865139038,-0.25224622167992977
1924-03-01,0.1771894556035006,-0.11411372626679743,-0.291303181870298
1924-04-01,-0.30863184631633706,-0.6331831722981061,-0.324551325981769
1924-05-01,-0.42110270396114463,-1.3891978086108134,-0.9680951046496689
1924-06-01,-0.5502981816648573,-0.8305182020662246,-0.2802200204013673
1924-07-01,-0.7800207842134655,-0.6781946891564377,0.10182609505702789
1924-08-01,-0.9212460603852936,-0.778262294150856,0.14298376623443754
1924-09-01,-0.5084169304482754,-0.5008415965112603,0.0075753339370151496
1924-10-01,-1.1430651677694401,-0.28043107884449303,0.8626340889249471
1924-11-01,-1.2539419922637467,-1.2098732915140482,0.044068700749698486
1924-12-01,-0.6977213981397347,-0.6069197671651415,0.09080163097459315
1925-01-01,-0.9574991017784701,-0.9556795816658332,0.0018195201126368632
1925-02-01,-1.6492246356201552,-1.406852039754772,0.2423725958653833
1925-03-01,-1.507927840090245,-1.0139267967797247,0.4940010433105202
1925-04-01,-1.588016187025942,-0.622513984937188,0.9655022020887539
1925-05-01,-0.962443635026298,-1.0402344963728525,-0.07779086134655444
1925-06-01,-1.6431260951029159,-0.8197912393224859,0.82333485578043
1925-07-01,-1.1558974376791,-0.33061798610617715,0.8252794515729229
1925-08-01,-1.4630961123045993,-0.5723700882382708,0.8907260240663285
1925-09-01,-1.7055055216616797,-0.09011640003780637,1.6153891216238734
1925-10-01,-1.7124077458129747,0.13699606203618012,1.8494038078491548
1925-11-01,-0.7702408150437001,0.3857864896932502,1.1560273047369503
1925-12-01,-0.5188017836804736,0.1177568595568355,0.636558643237309
1926-01-01,-0.24382076158273963,0.18122440148294036,0.42504516306567997
1926-02-01,0.10538765666538873,0.31853273434628493,0.2131450776808962
1926-03-01,-0.013112646523595312,0.6225224046990968,0.6356350512226921
1926-04-01,-0.7844780160723184,0.0774155194765232,0.8618935355488415
1926-05-01,-0.6658443717072474,0.04996771899573067,0.7158120907029781
1926-06-01,-0.7345271993174216,0.7400092876140025,1.4745364869314241
1926-07-01,-0.05877836275604297,0.36703901991658033,0.4258173826726233
1926-08-01,-0.9100090358186443,0.00257200467299209,0.9125810404916365
1926-09-01,-0.589803535562061,-0.12624527276178057,0.46355826280028045
1926-10-01,-0.5517212956714647,0.20669243217907105,0.7584137278505357
1926-11-01,-0.3211234901307181,-0.09746607068131669,0.22365741944940143
1926-12-01,-0.40923170271182474,-0.13691702791749083,0.2723146747943339
1927-01-01,-0.9183695275593311,-0.862988609160243,0.0553809183990881
1927-02-01,0.04222030497519843,0.020970254357944196,-0.021250050617254233
1927-03-01,-1.0034981709511377,-0.9636429552646414,0.039855215686496304
1927-04-01,-0.8993938660095675,-0.47399273416571147,0.42540113184385603
1927-05-01,-0.970807763344516,-1.2798482673918763,-0.3090405040473603
1927-06-01,-1.052727733162652,-0.8687462470326897,0.18398148612996224
1927-07-01,-0.07801585788794312,-0.9259740476141421,-0.8479581897261991
1927-08-01,-0.0741780564016423,-1.1888526813977283,-1.114674624996086
1927-09-01,-0.1451228352352639,-1.3223305063800495,-1.1772076711447856
1927-10-01,-0.4229500853462122,-1.1167490036373018,-0.6937989182910895
1927-11-01,-0.9360323846208893,-0.5827215109936733,0.353310873627216
1927-12-01,-0.7294687199736645,-0.11034035181989783,0.6191283681537666
1928-01-01,-0.6010054065459226,0.2166599696130645,0.8176653761589872
1928-02-01,-0.09127845613861162,0.16804712055889928,0.2593255766975109
1928-03-01,-0.5425983348420581,-0.1975221205991709,0.3450762142428872
1928-04-01,-1.1111881413369522,-0.6436982919715014,0.4674898493654508
1928-05-01,-0.7984703542139391,-0.7816703997885889,0.016799954425350205
1928-06-01,-0.4776029968469587,-0.788014778771016,-0.3104117819240573
1928-07-01,-0.34297689669895404,-1.369804538443946,-1.0268276417449917
1928-08-01,-0.08694244353074812,-0.7526485411002772,-0.6657060975695291
1928-09-01,0.3068310201508528,-1.2580265053004385,-1.5648575254512913
1928-10-01,-0.34698198075161973,-1.3731754110571934,-1.0261934303055738
1928-11-01,-0.15755023284662162,-0.8825372309120272,-0.7249869980654056
1928-12-01,-0.020190638588822064,-0.8894221306981799,-0.8692314921093578
1929-01-01,-0.5039087865040068,-0.4931106083411324,0.010798178162874428
1929-02-01,-0.7025144073238263,-0.44441045426403863,0.25810395305978767
1929-03-01,-1.2890058728047264,-0.710124575446732,0.5788812973579944
1929-04-01,-0.9753256048288634,-0.8524792670251293,0.12284633780373411
1929-05-01,-1.0445939214213125,-1.6904964300215692,-0.6459025086002568
1929-06-01,-1.489298865598308,-1.5010015197022402,-0.01170265410393223
1929-07-01,-1.5635577787539605,-1.087610310285953,0.4759474684680076
1929-08-01,-1.4192753530721995,-1.0436438859079806,0.3756314671642189
1929-09-01,-1.4592001255778226,-0.6136384022385087,0.8455617233393139
1929-10-01,-1.1049538352586061,-0.8220175174071827,0.2829363178514235
1929-11-01,-0.9581064102259244,-0.6467366351591799,0.31136977506674446
1929-12-01,-0.5159288874320425,0.02997679459101744,0.5459056820230599
1930-01-01,-0.125159236789941,-0.28161419029492474,-0.15645495350498373
1930-02-01,-0.29699964699146525,-0.3553593308761617,-0.05835968388469648
1930-03-01,-0.28676510563049307,-0.5279973103344585,-0.24123220470396545
1930-04-01,-0.28946708273503025,-0.15782658090905582,0.13164050182597442
1930-05-01,-0.3309519470008786,-1.0947937162166796,-0.763841769215801
1930-06-01,-0.6995433234820949,-1.0443448938862068,-0.34480157040411186
1930-07-01,-0.5564439976899829,-1.0177598724555397,-0.4613158747655568
1930-08-01,-0.42758066073397916,-0.9706543189443012,-0.543073658210322
1930-09-01,-0.18457970143207245,-1.2193362572714064,-1.034756555839334
1930-10-01,-0.7445326362940259,-0.9471204796752731,-0.20258784338124725
1930-11-01,-0.6589615426361107,-0.32178862371375416,0.33717291892235657
1930-12-01,-0.30675294792601215,-0.2415867631279386,0.06516618479807357
1931-01-01,0.4181090803659324,-0.28026609802910474,-0.6983751783950372
1931-02-01,0.8957614169616438,0.25480648709488257,-0.6409549298667612
1931-03-01,0.6959472402094674,-0.21550952311739696,-0.9114567633268644
1931-04-01,0.12215712784715974,0.10834460774662086,-0.013812520100538878
1931-05-01,-0.30385944440491364,0.2592686724947461,0.5631281168996598
1931-06-01,0.06886550853501534,0.11861578691477256,0.04975027837975722
1931-07-01,0.0221354872788872,0.06797437997489741,0.045838892696010214
1931-08-01,0.1136511730052851,-0.31109054866142644,-0.42474172166671154
1931-09-01,0.28319326620806423,-0.2635580992660113,-0.5467513654740755
1931-10-01,0.06318759881870639,-0.435403914030965,-0.4985915128496714
1931-11-01,-0.004159392645572236,-0.25748462263414323,-0.253325229988571
1931-12-01,0.0013015346114669188,-0.79476679517668,-0.7960683297881469
1932-01-01,-0.35895480617176784,-1.195562971138021,-0.8366081649662531
1932-02-01,-0.3567122500284785,-1.4484695738467277,-1.0917573238182492
1932-03-01,-0.2794919505711736,-0.6630954138305566,-0.383603463259383
1932-04-01,-0.984780706405979,-0.6456048796045896,0.33917582680138947
1932-05-01,-0.8443639626382458,-0.4863611597302611,0.35800280290798464
1932-06-01,-0.921083626588968,-0.44856514623755545,0.4725184803514126
1932-07-01,-0.7557284463153383,-0.9577312497046718,-0.20200280338933352
1932-08-01,-0.3011368600277086,-0.7239149173773719,-0.4227780573496633
1932-09-01,-0.7455217853820926,-1.1936069534551856,-0.44808516807309307
1932-10-01,-0.41211308430782617,-1.5606180113889854,-1.1485049270811591
1932-11-01,-0.8529002222928668,-0.89081836911635,-0.03791814682348327
1932-12-01,-1.0315955811377986,-0.42673760660783727,0.6048579745299614
1933-01-01,-0.4016482263699739,-0.179062885787908,0.2225853405820659
1933-02-01,-0.7136059687892888,-0.13679505766486905,0.5768109111244197
1933-03-01,-1.590005394934666,-0.2144695662266215,1.3755358287080446
1933-04-01,-1.8722147209688533,-0.7609823190978361,1.1112324018710171
1933-05-01,-1.1110705586634935,-1.2023137036462899,-0.0912431449827964
1933-06-01,-0.5178962758755888,-0.9153517225081789,-0.39745544663259
1933-07-01,-0.490985602156107,-0.9327530258651227,-0.44176742370901567
1933-08-01,-0.3031006118937253,-1.131789861631664,-0.8286892497379387
1933-09-01,0.7127458040114766,-1.5710727878847681,-2.2838185918962446
1933-10-01,-0.00045250795033974065,-1.7583446298628902,-1.7578921219125505
1933-11-01,-0.7911875016145403,-1.3390397890405383,-0.547852287425998
1933-12-01,-0.614334675384636,-1.6738962786397418,-1.0595616032551058
1934-01-01,-1.0467770801316179,-2.4179167454788386,-1.3711396653472208
1934-02-01,-1.9636431288345395,-1.8814190342452703,0.08222409458926916
1934-03-01,-2.526351377271464,-1.7970143355335864,0.7293370417378775
1934-04-01,-2.1545586003716375,-1.529317876771439,0.6252407236001984
1934-05-01,-1.8620238185382365,-1.5643342524017638,0.2976895661364727
1934-06-01,-1.5068271692912678,-1.0333290542283637,0.47349811506290407
1934-07-01,-1.3922022455563918,-0.9462146900623817,0.44598755549401015
1934-08-01,-1.3339612442263808,-0.17859233739226724,1.1553689068341135
1934-09-01,-0.8498551947080314,-0.7138209160498706,0.13603427865816076
1934-10-01,-1.221287950432422,-1.2639606790648392,-0.04267272863241711
1934-11-01,-1.1405171391136582,-0.7476894874081529,0.39282765170550527
1934-12-01,-0.18536398998596915,-0.082550392683067,0.10281359730290214
1935-01-01,-0.49678109454587344,-0.443115643740153,0.05366545080572044
1935-02-01,-0.31656443410103474,-0.04302561134662241,0.2735388227544123
1935-03-01,-1.1736172677886219,-0.5870630100383122,0.5865542577503097
1935-04-01,-0.7723682128985512,-0.7510834701745298,0.021284742724021366
1935-05-01,-1.4778194025296818,-0.005092220832543586,1.4727271816971381
1935-06-01,-1.5711582257909493,-0.35267726921587755,1.2184809565750718
1935-07-01,-1.9797277112482248,-0.8659261664023344,1.1138015448458902
1935-08-01,-1.8327905839698124,-0.5176568007069215,1.3151337832628909
1935-09-01,-1.7955835470713521,-0.5138603161068931,1.281723230964459
1935-10-01,-1.749500836615504,-0.9054259117395562,0.8440749248759478
1935-11-01,-1.4839918867900241,0.03757425743196035,1.5215661442219846
1935-12-01,-1.2720097216236064,0.27939312222864604,1.5514028438522525
1936-01-01,-0.9448074461999574,0.37369346012014687,1.3185009063201043
1936-02-01,0.1106970598586921,0.22326112807469603,0.11256406821600393
1936-03-01,-0.6379857634450344,0.0004355994060165397,0.638421362851051
1936-04-01,-0.9366324199132836,-0.08300746015604926,0.8536249597572343
1936-05-01,-1.3522847462058256,-0.5327162752135269,0.8195684709922987
1936-06-01,-1.123022776810975,-0.012746175158910208,1.1102766016520649
1936-07-01,-0.8432972332295456,-0.22793187237257884,0.6153653608569668
1936-08-01,-0.25320676818679283,0.187819140457592,0.44102590864438485
1936-09-01,0.2435909369100692,-0.12104548830790389,-0.36463642521797307
1936-10-01,-0.007943857661438776,-0.09102411549679217,-0.08308025783535339
1936-11-01,-0.6466335448105646,-0.08467845261696756,0.561955092193597
1936-12-01,0.15156491813700884,0.11533029347835953,-0.03623462465864931
1937-01-01,-0.34535400621084056,-0.058601212606426596,0.28675279360441397
1937-02-01,0.3878406333940634,0.17719488950553472,-0.21064574388852866
1937-03-01,-0.307493597549554,0.008793771454100333,0.31628736900365434
1937-04-01,-0.45827701166183676,-0.49964500413817114,-0.04136799247633438
1937-05-01,-1.1200165393864565,-0.39001107964601645,0.7300054597404401
1937-06-01,-0.7477643415253832,-0.5925991756099456,0.1551651659154376
1937-07-01,-0.5972463975727655,-0.8423730686723658,-0.2451266710996003
1937-08-01,-0.5571519181157566,-0.29210170617430603,0.26505021194145056
1937-09-01,-0.4808153069981576,-0.07155124369137189,0.4092640633067857
1937-10-01,-0.3542915015862357,-0.26635314389714476,0.08793835768909092
1937-11-01,-0.1980617065270313,-0.2229156852463319,-0.02485397871930059
1937-12-01,-0.5366210135758067,-0.6380414400446422,-0.10142042646883553
1938-01-01,-0.1270502571053642,-0.28092088570107443,-0.15387062859571024
1938-02-01,0.06105777657883606,-0.31041008304153667,-0.3714678596203727
1938-03-01,-0.2901107569577802,-0.2941225606756401,-0.004011803717859863
1938-04-01,-0.6505792314302453,-0.9799895369107549,-0.32941030548050954
1938-05-01,-0.8088709659487663,-0.5063321837253366,0.30253878222342967
1938-06-01,-0.7146714860054794,-0.7239418792226883,-0.009270393217208905
1938-07-01,-0.4901128235489885,-1.0983757899515718,-0.6082629664025834
1938-08-01,-0.0790510702913863,-0.9301345171259416,-0.8510834468345554
1938-09-01,-0.43161241302186093,-1.1279741185706953,-0.6963617055488344
1938-10-01,-0.1831541630404466,-1.2291413816848038,-1.0459872186443573
1938-11-01,-0.8085703422063143,-1.110923319202865,-0.3023529769965506
1938-12-01,-0.4710171549407444,-1.1206969881300604,-0.6496798331893159
1939-01-01,-0.785925373929122,-0.7953528943379627,-0.009427520408840762
1939-02-01,-0.8947438955416421,-0.47281668415095834,0.4219272113906838
1939-03-01,-1.3424999282660222,-0.8298929440343633,0.5126069842316588
1939-04-01,-1.0083457287981739,-1.4254569969204829,-0.41711126812230903
1939-05-01,-0.8892029635789507,-1.0424684778419253,-0.15326551426297463
1939-06-01,-1.0220350188123233,-0.3920030464559389,0.6300319723563843
1939-07-01,-1.2231377562025088,-0.6552963790984391,0.5678413771040697
1939-08-01,-0.6254104783474707,-0.6550274025939732,-0.02961692424650253
1939-09-01,-0.27291216962750847,-0.5112604238799544,-0.23834825425244593
1939-10-01,-0.8220281034510758,-0.40564959187822497,0.41637851157285083
1939-11-01,-0.5529916734218252,-0.09686905839216758,0.4561226150296576
1939-12-01,0.025193848981331778,0.635597615780154,0.6104037667988221
1940-01-01,-0.013043551550530308,0.46983169713404854,0.4828752486845789
1940-02-01,-0.6716034983217182,0.2851193046148907,0.9567228029366088
1940-03-01,1.1424098635257978,-0.21568284926585962,-1.3580927127916573
1940-04-01,1.661484030376845,0.0330247670091668,-1.6284592633676782
1940-05-01,1.54235823585276,0.4242559073701661,-1.118102328482594
1940-06-01,-0.05350532533803605,0.5839964955367551,0.6375018208747912
1940-07-01,-0.3635235597415319,0.5586607062724143,0.9221842660139461
1940-08-01,0.4149779871128939,0.35931573513082815,-0.05566225198206576
1940-09-01,-0.33255204111392894,0.6727882716506365,1.0053403127645655
1940-10-01,0.22548805396742203,0.6243506745910278,0.3988626206236058
1940-11-01,0.5826023917650321,0.32610451923930767,-0.2564978725257245
1940-12-01,0.6139921168085455,0.55891042431594,-0.05508169249260553
1941-01-01,1.325944294870198,0.37949025686317256,-0.9464540380070254
1941-02-01,1.4281927330791313,0.8744474678485464,-0.5537452652305849
1941-03-01,0.10554887826920303,1.3502033513277587,1.2446544730585556
1941-04-01,0.5317448550127399,1.0480034339449975,0.5162585789322576
1941-05-01,0.7228554895439303,1.3602556259898888,0.6374001364459585
1941-06-01,0.787053204867524,1.276935178629143,0.489881973761619
1941-07-01,0.5548577295987472,1.6226328978403297,1.0677751682415826
1941-08-01,0.8456942297257974,1.7818804694068466,0.9361862396810492
1941-09-01,1.0206548234477695,1.4491931244582188,0.4285383010104493
1941-10-01,1.332280425119374,1.5837879401750772,0.2515075150557031
1941-11-01,1.6849945041060959,1.4188103345301277,-0.26618416957596813
1941-12-01,1.4167666064809405,1.0686626269443387,-0.3481039795366019
1942-01-01,1.471771053809555,0.526855999978232,-0.944915053831323
1942-02-01,1.646460116409311,0.9210144264021551,-0.7254456900071558
1942-03-01,1.4240264274226508,1.0610953356922028,-0.362931091730448
1942-04-01,1.130652808372408,0.5553334861706314,-0.5753193222017765
1942-05-01,2.1580671773994564,0.6516983310749297,-1.5063688463245266
1942-06-01,2.028362578841591,0.3735592928422631,-1.654803285999328
1942-07-01,1.402834877964813,-0.44395402873975354,-1.8467889067045666
1942-08-01,0.4106868256278954,-0.03286356345713168,-0.4435503890850271
1942-09-01,0.4324020422500047,-0.07865761577833685,-0.5110596580283415
1942-10-01,1.3421355502247518,0.32280169318804824,-1.0193338570367036
1942-11-01,-0.6332145737261198,0.47776489914405057,1.1109794728701703
1942-12-01,0.8749529203369308,0.03694835745140049,-0.8380045628855304
1943-01-01,0.7195086260241343,0.2571605129704834,-0.4623481130536509
1943-02-01,1.4010638647078695,0.03836064458702128,-1.3627032201208482
1943-03-01,1.5818902579851815,-0.41718412608405964,-1.999074384069241
1943-04-01,0.11404755995601837,-0.8079344468702506,-0.921982006826269
1943-05-01,-0.2638934573539526,-0.30571679611038954,-0.041823338756436956
1943-06-01,-0.5179690074261823,0.08533716640996039,0.6033061738361427
1943-07-01,0.04090022733193151,-0.23511527830330498,-0.27601550563523647
1943-08-01,0.06273908759004833,-0.2576675780130766,-0.3204066656031249
1943-09-01,0.7392928199779928,-0.7310572385914252,-1.470350058569418
1943-10-01,2.441436571665605,-0.7584068209214218,-3.199843392587027
1943-11-01,3.527175583305847,-0.35410432117155205,-3.881279904477399
1943-12-01,1.4609146576910101,-0.11413426862513373,-1.5750489263161438
1944-01-01,1.1311692023816207,-0.11807133999002602,-1.2492405423716466
1944-02-01,1.0991188324202184,0.0892607568521942,-1.0098580755680242
1944-03-01,0.8635207327761897,0.40732836215235424,-0.45619237062383544
1944-04-01,0.7131373421921694,0.6776824885242608,-0.03545485366790857
1944-05-01,-1.3117005409748228,0.5744333857825071,1.88613392675733
1944-06-01,0.24229389092449002,0.619605389815342,0.3773114988908519
1944-07-01,0.47128917796716563,0.5025800680143051,0.031290890047139475
1944-08-01,0.11110556873452326,1.0272376774617862,0.9161321087272629
1944-09-01,0.036669675472428276,0.898940378472401,0.8622707029999728
1944-10-01,-0.05758314094129469,0.7197956070110794,0.777378747952374
1944-11-01,0.7797048938725918,0.8574839735036464,0.07777907963105457
1944-12-01,1.8112989026737292,1.523008237447538,-0.2882906652261912
1945-01-01,1.8735765050616633,1.4899331146799952,-0.38364339038166806
1945-02-01,1.6795893377045115,1.6778334244334678,-0.0017559132710436298
1945-03-01,0.8458833317573399,0.5660373387612414,-0.27984599299609847
1945-04-01,0.8397629717749227,0.22578270256047758,-0.613980269214445
1945-05-01,0.053034274355896575,0.0975361175182341,0.044501843162337525
1945-06-01,-1.001379258443856,1.6761052985384266,2.6774845569822823
1945-07-01,-1.2667766865584262,1.9167866302422396,3.183563316800666
1945-08-01,-0.7869108864396613,1.6474371535827184,2.4343480400223796
1945-09-01,0.2626466031654865,1.9282665988087442,1.6656199956432576
1945-10-01,1.3982479415074025,0.6783321406066462,-0.7199158009007564
1945-11-01,1.3047903233801663,0.7687987608736347,-0.5359915625065316
1945-12-01,1.575648678751776,0.3135576319367112,-1.2620910468150648
1946-01-01,-0.4209220872771706,0.10363206235453294,0.5245541496317035
1946-02-01,-0.39402353548278785,-0.3466545065311529,0.04736902895163497
1946-03-01,-0.3357861707303068,0.24472917643352965,0.5805153471638365
1946-04-01,0.11713865085622924,0.5322811084251103,0.41514245756888113
1946-05-01,-0.6917731694937217,0.38934031768542976,1.0811134871791515
1946-06-01,-1.0136708904941059,-0.08007375460614578,0.9335971358879601
1946-07-01,-1.0394178594040973,-0.2442052718671193,0.795212587536978
1946-08-01,-1.6503434893067808,-0.14375378155129193,1.5065897077554888
1946-09-01,-1.7011416286260876,-0.4517710380354145,1.2493705905906731
1946-10-01,-1.1236094779857606,-0.13789920942544528,0.9857102685603153
1946-11-01,-1.5455955101424599,-0.1631181640267475,1.3824773461157123
1946-12-01,-0.8632584072898476,-0.6666017376190843,0.19665666967076334
1947-01-01,-0.6300252952326076,0.061013088293682516,0.6910383835262901
1947-02-01,-1.5332178124240086,0.08242400321839308,1.6156418156424017
1947-03-01,-1.6590276364476086,-0.17984285345598955,1.4791847829916192
1947-04-01,-1.64885612909715,-0.09816386891605346,1.5506922601810964
1947-05-01,-1.634337699406238,0.11816192918527908,1.752499628591517
1947-06-01,-1.5461385723868901,-0.3414495864876917,1.2046889858991985
1947-07-01,-0.9803234745471262,-0.8976255931100432,0.08269788143708301
1947-08-01,-0.9286646785457996,-0.938069003033339,-0.009404324487539362
1947-09-01,-0.5412188597658063,-1.3958978271719378,-0.8546789674061315
1947-10-01,-1.1190637560736862,-1.4564297377020454,-0.3373659816283592
1947-11-01,-1.566796757140377,-0.9507121826406352,0.6160845744997417
1947-12-01,-1.4150726816404213,-0.5068913210413027,0.9081813605991186
1948-01-01,-0.4323409407203024,-0.4217772690183175,0.010563671701984856
1948-02-01,-0.3493299976432694,-0.14765682963518958,0.2016731680080798
1948-03-01,-0.8273423554144186,-0.18265458875327112,0.6446877666611475
1948-04-01,-0.9259408819760837,-0.569842094265509,0.3560987877105747
1948-05-01,-0.992045376117729,-0.6304914814073528,0.36155389471037624
1948-06-01,-0.9690864499804768,-0.1918883788254395,0.7771980711550373
1948-07-01,-0.8974458726461797,-0.41013617132861324,0.48730970131756646
1948-08-01,-0.7660005656441176,-0.5146717392611774,0.2513288263829402
1948-09-01,-0.9252414468978784,-1.0590673453263562,-0.1338258984284778
1948-10-01,-1.0669152342983643,-0.5460822890547818,0.5208329452435825
1948-11-01,-1.1155702172601922,-0.6851187478131678,0.4304514694470244
1948-12-01,0.09741627872037484,-0.5789564818798482,-0.676372760600223
1949-01-01,-0.8096722251978001,-0.8282270871630287,-0.018554861965228597
1949-02-01,-1.3983371518489276,-0.3851906868726624,1.0131464649762651
1949-03-01,-0.9313848385379851,-0.3869868593296928,0.5443979792082924
1949-04-01,-1.0596578377416734,-0.38698300763750465,0.6726748301041687
1949-05-01,-0.773705261236956,-0.9105865373228554,-0.1368812760858994
1949-06-01,-0.9351935474040481,-0.18899960968439664,0.7461939377196515
1949-07-01,-1.0177074915520286,-0.26194231439312177,0.7557651771589068
1949-08-01,-1.4356763177309648,-0.42544728972483775,1.010229028006127
1949-09-01,-1.3877050113447118,-0.3597541116627342,1.0279508996819775
1949-10-01,-1.1460107955684649,-0.05705219039812942,1.0889586051703355
1949-11-01,-0.9030486264268749,-0.7085562947774944,0.1944923316493805
1949-12-01,-0.6819386516610113,-0.9407074121821586,-0.2587687605211473
1950-01-01,-0.8869858634783672,-0.5469187482082883,0.3400671152700788
1950-02-01,0.06123960545531915,-0.8507832385649882,-0.9120228440203073
1950-03-01,-0.3294948916039954,-0.794784769740224,-0.46528987813622863
1950-04-01,-0.675235227081339,-0.6990085917919995,-0.023773364710660494
1950-05-01,-0.9798992071686654,-0.6335535766968581,0.34634563047180733
1950-06-01,-0.8960639731849089,-0.8121263718682527,0.08393760131665629
1950-07-01,-1.0793474806797616,-0.9180395617067445,0.1613079189730171
1950-08-01,-0.982922415288323,-0.8691237128671195,0.11379870242120349
1950-09-01,-0.6928277769773222,-1.039308164401624,-0.34648038742430176
1950-10-01,-0.5319019481348188,-1.0290844894371254,-0.49718254130230655
1950-11-01,-0.8687557003221831,-1.2350248415020606,-0.3662691411798775
1950-12-01,-1.3446685406662087,-1.1604849684326886,0.1841835722335201
1951-01-01,-1.0736877538511,-1.0541673509144502,0.019520402936649806
1951-02-01,-1.8434906072545796,-0.8587947583161467,0.9846958489384329
1951-03-01,-1.0145533666413036,-0.45190713115939285,0.5626462354819107
1951-04-01,-1.0646763147326037,-1.3080381605675664,-0.24336184583496268
1951-05-01,-0.98786331195862,-0.4292020476594959,0.5586612642991241
1951-06-01,-0.6064105729475079,-0.4570196105903406,0.1493909623571673
1951-07-01,-0.2986470166124015,-0.4968762794036565,-0.19822926279125497
1951-08-01,-0.19662162182528675,-0.2978214690735702,-0.10119984724828346
1951-09-01,-0.4175024922067811,-0.031917331076265675,0.38558516113051544
1951-10-01,-0.07972989809692273,0.037063908217042245,0.11679380631396497
1951-11-01,-0.8877750008023039,0.16849327490401675,1.0562682757063206
1951-12-01,-0.15288935264610748,0.5009809738075631,0.6538703264536706
1952-01-01,-0.6404259069674345,-0.09307385768953647,0.547352049277898
1952-02-01,-0.5163580035805425,0.32679461408966726,0.8431526176702098
1952-03-01,-0.3394227482599668,0.4139532727158123,0.7533760209757792
1952-04-01,-0.9268136605832016,0.16804583666150355,1.0948594972447052
1952-05-01,-0.5208176598244155,-0.1630501174647595,0.357767542359656
1952-06-01,-0.07125182368277552,-0.5292966144992294,-0.4580447908164539
1952-07-01,-0.4366551338629899,-1.0873214333718488,-0.650666299508859
1952-08-01,-0.22684158109675956,-1.0349775784848523,-0.8081359973880927
1952-09-01,-0.07740976163299892,-0.900512436404991,-0.8231026747719921
1952-10-01,-0.25163091792394016,-1.3472535226315705,-1.0956226047076303
1952-11-01,-0.9531970305608832,-0.773457308146254,0.1797397224146292
1952-12-01,-0.8752227473624281,-0.27919853734431527,0.5960242100181128
1953-01-01,-1.2943189125755583,-0.014210460139069939,1.2801084524364883
1953-02-01,-1.229236296719748,-0.09648709891685282,1.1327491978028952
1953-03-01,-0.5736910727206492,0.3583155790593294,0.9320066517799787
1953-04-01,-0.13676719226461623,-0.049516996580893854,0.08725019568372237
1953-05-01,-0.9192047281986437,0.5337209993547449,1.4529257275533887
1953-06-01,-0.5747723484394679,0.14349771844962061,0.7182700668890885
1953-07-01,-0.5098230737597446,-0.5123215650777644,-0.0024984913180198243
1953-08-01,-0.6263923542804788,-0.4194771668333493,0.2069151874471295
1953-09-01,-1.0326295813487316,-0.4967202858700398,0.5359092954786918
1953-10-01,-0.9342892517916727,-0.9563645409266094,-0.022075289134936726
1953-11-01,-0.45178572077139384,-0.1284914512561153,0.3232942695152785
1953-12-01,-0.10095902552256573,0.0951666848738816,0.19612571039644733
1954-01-01,0.2868649973205112,-0.4212187736510494,-0.7080837709715606
1954-02-01,0.12331598388661143,-0.01654522755373063,-0.13986121144034205
1954-03-01,-0.5251427626996915,-0.08133582574643264,0.4438069369532589
1954-04-01,-1.02987426777376,-0.007629844035774713,1.0222444237379853
1954-05-01,-0.5420552725976288,-0.16846174498897967,0.37359352760864906
1954-06-01,-0.6456128787172405,-0.5466484878064263,0.09896439091081422
1954-07-01,-0.25697183812250046,-1.1446731300520165,-0.8877012919295161
1954-08-01,-0.370522759293617,-1.1962864473206778,-0.8257636880270608
1954-09-01,-0.2575658124523442,-1.6676924864221774,-1.4101266739698333
1954-10-01,-0.2978154525506194,-2.0203559909554647,-1.7225405384048453
1954-11-01,-1.1017875884227817,-1.235814438400612,-0.13402684997783032
1954-12-01,-0.43243306735105425,-1.074784817248421,-0.6423517498973667
1955-01-01,-0.06566482840470744,-0.5110209770155973,-0.4453561486108899
1955-02-01,-0.3666764724597466,-1.0952116248190833,-0.7285351523593366
1955-03-01,-0.8529802269985198,-0.9287851409627255,-0.07580491396420563
1955-04-01,-1.0953690290829328,-0.944708036468153,0.15066099261477972
1955-05-01,-0.9413514853542717,-1.780895645675266,-0.8395441603209943
1955-06-01,-1.1689891167858748,-1.7955404213229564,-0.6265513045370816
1955-07-01,-0.8514068011206869,-1.226829724423272,-0.3754229233025851
1955-08-01,-0.8588060242010349,-0.6107714593531987,0.24803456484783626
1955-09-01,0.06027106363992,-1.0234584510477693,-1.0837295146876893
1955-10-01,-0.2582131232526245,-1.4513647624747503,-1.1931516392221257
1955-11-01,-1.2884531130202177,-0.7864567692809463,0.5019963437392714
1955-12-01,-0.98155627432968,-0.6254078896678154,0.3561483846618646
1956-01-01,-1.1409644381498054,-0.38761275931025224,0.7533516788395531
1956-02-01,-1.247128258165674,-0.6322959991974572,0.6148322589682168
1956-03-01,-0.31265753764167076,-0.4848776162891607,-0.17222007864748995
1956-04-01,-0.24731914916627334,-0.7415120150872082,-0.49419286592093487
1956-05-01,-0.7427943522348482,-1.7086764171491982,-0.9658820649143499
1956-06-01,-0.5209510010005034,-1.6718433267035067,-1.1508923257030033
1956-07-01,-0.42032690075481727,-1.666500387689974,-1.2461734869351568
1956-08-01,-0.7191978128373963,-0.8809484078844546,-0.16175059504705835
1956-09-01,0.006558813526845238,-1.2526726531590398,-1.259231466685885
1956-10-01,-0.14857031073338234,-1.456545288467686,-1.3079749777343035
1956-11-01,0.015259931362810866,-0.9469567827572799,-0.9622167141200908
1956-12-01,-0.25500444967895375,-0.7378965600200188,-0.48289211034106505
1957-01-01,0.46378449413845907,-0.6465235081914414,-1.1103080023299006
1957-02-01,0.2696882294554173,-0.4372270483333121,-0.7069152777887294
1957-03-01,-0.3251673643437003,-0.15026185745171206,0.17490550689198825
1957-04-01,-0.23942777592691153,0.16330825527019352,0.40273603119710505
1957-05-01,0.027469134322388348,0.7336238239149013,0.7061546895925129
1957-06-01,-0.1267096310100871,-0.21326527046915567,-0.08655563945906858
1957-07-01,-0.270572638083428,-0.40869178675809215,-0.13811914867466413
1957-08-01,-0.668140264320973,-0.43569279094506924,0.2324474733759037
1957-09-01,-0.7895243734909756,-0.35112632116148657,0.43839805232948903
1957-10-01,-0.40327620091075284,-0.1392665601522052,0.2640096407585476
1957-11-01,0.7237015999158314,0.0016764862392694088,-0.722025113676562
1957-12-01,0.5463881405321703,-0.034847184933981395,-0.5812353254661518
1958-01-01,1.059892282800289,0.6041016868097143,-0.4557905959905747
1958-02-01,0.48621005557136027,0.3681810466503391,-0.11802900892102114
1958-03-01,-0.08984443239941632,0.036314112137767314,0.12615854453718364
1958-04-01,0.5781112185159021,0.04059334215869869,-0.5375178763572034
1958-05-01,0.3902177429059508,-0.7331775951409514,-1.1233953380469022
1958-06-01,1.2040959159689069,-0.5950642586103021,-1.799160174579209
1958-07-01,1.1786398732612882,-0.41142648821161254,-1.5900663614729007
1958-08-01,1.097418126328847,-0.010446714922640422,-1.1078648412514873
1958-09-01,1.3280547220299104,-0.4841637693369738,-1.8122184913668842
1958-10-01,1.274895231701343,-0.5191974775821442,-1.794092709283487
1958-11-01,0.7808322329067863,-0.2966563321866825,-1.0774885650934687
1958-12-01,0.1745480881244585,0.34970576312162593,0.17515767499716745
1959-01-01,-0.027517130118576087,0.9326895473728539,0.96020667749143
1959-02-01,0.4127875552475294,0.7158925589271816,0.3031050036796522
1959-03-01,0.5283010160921519,0.2388168289248621,-0.28948418716728974
1959-04-01,0.22699965802725083,-0.2914995582955725,-0.5184992163228234
1959-05-01,0.6790710960868266,-0.4506174562250925,-1.1296885523119191
1959-06-01,0.2423666224750832,-0.7920012801856545,-1.0343679026607377
1959-07-01,0.0352635321609588,-1.0968158546154088,-1.1320793867763677
1959-08-01,0.17674579314488223,-0.6712237682447527,-0.847969561389635
1959-09-01,0.2031158290049558,-0.3724069205005013,-0.5755227495054571
1959-10-01,0.505831815728894,-0.41327594241057786,-0.9191077581394719
1959-11-01,0.31702313477397875,-0.3063240795787055,-0.6233472143526843
1959-12-01,0.36834130468002785,-0.3069884964811461,-0.6753298011611739
1960-01-01,0.5847006969996466,-0.28117124569329816,-0.8658719426929447
1960-02-01,0.024546538181052013,-0.0574501985908957,-0.08199673677194771
1960-03-01,0.6711821472324843,0.26903335414016905,-0.4021487930923152
1960-04-01,1.026246667495876,-0.23717143998302928,-1.2634181074789053
1960-05-01,1.295834645117124,-0.5102801682180949,-1.806114813335219
1960-06-01,0.7481054595248678,-0.6025365414551327,-1.3506420009800006
1960-07-01,0.24567590802707334,-0.6880935380797442,-0.9337694461068176
1960-08-01,0.4376338651226742,-0.899648373457471,-1.337282238580145
1960-09-01,0.6236496545348121,-0.8216875557764057,-1.4453372103112179
1960-10-01,1.0383358633969746,-0.9573659808955046,-1.9957018442924792
1960-11-01,0.6550066503805583,-1.3724724772328731,-2.0274791276134314
1960-12-01,1.147696235061414,-0.2682212146083526,-1.4159174496697666
1961-01-01,0.22998892475663227,-0.10383933735515566,-0.33382826211178795
1961-02-01,-0.5513055136405732,-0.1620621584185226,0.38924335522205067
1961-03-01,-0.8434160280955146,-0.06361804168137043,0.7797979864141442
1961-04-01,-0.1781150787768477,-0.3411093536777463,-0.1629942749008986
1961-05-01,-0.4392128600588504,-0.6249065277346706,-0.18569366767582018
1961-06-01,-0.6231024638086461,0.08959328627776332,0.7126957500864094
1961-07-01,-1.3584911718564456,0.5170431721804588,1.8755343440369043
1961-08-01,-1.4995346191517902,0.5260362314908739,2.025570850642664
1961-09-01,-2.122620964313655,0.46726197649591694,2.589882940809572
1961-10-01,-1.7773206547174012,0.6807587066851222,2.4580793614025236
1961-11-01,-1.49119231029875,0.1972076401659814,1.6883999504647316
1961-12-01,-0.5353845772157223,0.48251210976583,1.0178966869815522
1962-01-01,-1.161001980338231,0.2461639317735807,1.4071659121118116
1962-02-01,-1.424775070489554,0.0810951694135132,1.5058702399030672
1962-03-01,-0.5906011582335673,0.251719997754853,0.8423211559884203
1962-04-01,-0.49093347787818153,-0.15072020882209072,0.34021326905609084
1962-05-01,-0.26989381027789117,-0.6167024233741085,-0.34680861309621736
1962-06-01,-0.06346954776930361,-0.3710113240310285,-0.30754177626172485
1962-07-01,0.4031397150613415,-0.0431084227286654,-0.4462481377900069
1962-08-01,0.2883523575301405,0.4412604864317401,0.1529081289015996
1962-09-01,0.01594118355336746,0.3452403679782723,0.3292991844249048
1962-10-01,-0.2663954226943589,0.018903179550353807,0.2852986022447127
1962-11-01,-0.4404032331035585,-0.010783737989094589,0.4296194951144639
1962-12-01,-0.2250026850592605,0.3347419389710246,0.5597446240302851
1963-01-01,-0.29193268230013825,0.289726570420505,0.5816592527206432
1963-02-01,-1.5691471984170469,-0.015062326061328542,1.5540848723557183
1963-03-01,-1.126232662577155,-0.3114744339828362,0.8147582285943189
1963-04-01,-0.37569033596326323,-0.1945332074612387,0.18115712850202453
1963-05-01,0.14696707194700845,-0.542480314910251,-0.6894473868572594
1963-06-01,0.040718398455448813,-0.2324659560266197,-0.2731843544820685
1963-07-01,-0.5331699015001602,0.07398301978826642,0.6071529212884266
1963-08-01,-1.4406584289465982,0.4223486777883805,1.8630071067349787
1963-09-01,-1.7865284690224992,0.08349862533886125,1.8700270943613604
1963-10-01,-1.3772607606795302,0.8608253164767851,2.238086077156315
1963-11-01,-0.7523852193730706,0.9335741526787116,1.6859593720517823
1963-12-01,-0.19921935037397284,0.6367146065146906,0.8359339568886635
1964-01-01,1.0543283191799098,0.9409129101943555,-0.11341540898555424
1964-02-01,1.260619240512409,0.6363165983219246,-0.6243026421904845
1964-03-01,0.1801714491778217,0.6210780201285755,0.4409065709507538
1964-04-01,0.2726023402491845,0.4917035312239303,0.21910119097474579
1964-05-01,-0.11723028558277392,-0.7788779229522472,-0.6616476373694733
1964-06-01,0.07886609674157977,-0.28115134528365954,-0.36001744202523933
1964-07-01,-0.27919132682872166,-0.9760845629807635,-0.6968932361520419
1964-08-01,0.043065203154588956,-0.7624125807970012,-0.8054777839515902
1964-09-01,0.40458222414810746,-1.1618882682865368,-1.5664704924346442
1964-10-01,-0.09296704030488424,-0.9149010745221763,-0.821934034217292
1964-11-01,-1.7135326604621486,-1.0222573650337936,0.691275295428355
1964-12-01,-1.2694641173528445,-0.6609397501026408,0.6085243672502036
1965-01-01,-1.1058714649885892,-0.8091034354493256,0.2967680295392636
1965-02-01,-0.30980039989586755,-0.5873467513628321,-0.27754635146696455
1965-03-01,-1.407049179417483,-0.8583569493041043,0.5486922301133788
1965-04-01,-1.000490721334109,-0.5208678280943648,0.47962289323974416
1965-05-01,-1.3370838521318484,-1.3498912898316924,-0.012807437699843938
1965-06-01,-0.6883790304660392,-1.0771805697893921,-0.38880153932335293
1965-07-01,-0.23380683925856782,-0.5716568832347821,-0.3378500439762143
1965-08-01,-0.7410172780153549,-0.2337293110643023,0.5072879669510526
1965-09-01,-0.22923687349629457,-0.08085308032552917,0.1483837931707654
1965-10-01,-0.5035730091787695,0.17870988843283714,0.6822828976116067
1965-11-01,-0.49527918802612486,0.028041319266519423,0.5233205072926442
1965-12-01,0.39307003188171435,-0.10747084113979526,-0.5005408730215096
1966-01-01,0.09114439467422213,0.25049708548514493,0.1593526908109228
1966-02-01,0.4974107143627123,0.7870140551796533,0.289603340816941
1966-03-01,-0.23148912717966433,0.036429662903408946,0.2679187900830733
1966-04-01,-0.49046072279932545,-0.3832853831369701,0.10717533966235537
1966-05-01,-0.3480074956149831,-0.6212859370778969,-0.2732784414629138
1966-06-01,-0.5001134117555528,0.17226985909440604,0.6723832708499589
1966-07-01,-0.36617826133818354,0.24640402058663624,0.6125822819248198
1966-08-01,-1.3715270901077665,0.17693811002633103,1.5484652001340975
1966-09-01,-0.4603413755061732,0.5076277106267539,0.9679690861329271
1966-10-01,0.21374190854662092,0.22837745919783164,0.014635550651210721
1966-11-01,0.19737973404817225,-0.17107190839508513,-0.36845164244325734
1966-12-01,-0.6224442432757773,-0.3191213268735256,0.3033229164022517
1967-01-01,-0.703302332455252,-1.0568250185242096,-0.35352268606895765
1967-02-01,-0.9069991618165951,-1.1419711679820947,-0.23497200616549963
1967-03-01,-1.3862843217231258,-0.06897189382276997,1.3173124279003559
1967-04-01,-0.8837202168567337,-0.3117209422828717,0.571999274573862
1967-05-01,-0.7373394859403584,-0.07137984338900397,0.6659596425513544
1967-06-01,-1.147896967113848,0.3597124594261983,1.5076094265400461
1967-07-01,-1.805244721375149,-0.24693997332063994,1.5583047480545091
1967-08-01,-1.5217904736333083,-0.26038302100565686,1.2614074526276515
1967-09-01,-1.9693392214384955,-0.15355377037510431,1.815785451063391
1967-10-01,-1.3392221597192886,0.5972925369699278,1.9365146966892164
1967-11-01,-0.7702408150437001,0.4487038815851607,1.2189446966288608
1967-12-01,-0.3884304792421709,0.2703609040476524,0.6587913832898233
1968-01-01,-0.719485102462238,-0.5397353422775624,0.1797497601846756
1968-02-01,-1.0348975935347298,0.04827875197126808,1.083176345505998
1968-03-01,-0.9337122481569671,-0.7732538104089857,0.1604584377479814
1968-04-01,-0.6415968849319859,-0.5474252457310177,0.09417163920096816
1968-05-01,-0.5655111976639343,-0.4040504976714841,0.16146069999245022
1968-06-01,-0.4789848963082295,0.17839404967341654,0.657378945981646
1968-07-01,-0.479784943364755,-0.10748945765203749,0.37229548571271753
1968-08-01,0.19187395566826665,0.2152239303756172,0.023349974707350563
1968-09-01,0.7646033995844249,0.0577693215226408,-0.7068340780617841
1968-10-01,0.5431794669584998,0.25210388307626275,-0.2910755838822371
1968-11-01,0.4066647708800923,-0.0515924167215582,-0.45825718760165046
1968-12-01,0.3725961003897297,0.038123123568757744,-0.33447297682097193
1969-01-01,0.5053142095271737,0.6411742241197627,0.135860014592589
1969-02-01,0.8026650322023537,0.6334470876418222,-0.16921794456053152
1969-03-01,0.45720592538730326,0.8564741882016769,0.3992682628143736
1969-04-01,0.9060214143653238,0.9317208467875578,0.025699432422234048
1969-05-01,0.6060486192912583,0.3267695780904444,-0.2792790412008139
1969-06-01,0.4781986752735195,-0.2806121083773318,-0.7588107836508513
1969-07-01,0.37877464561262103,-0.3819032675901555,-0.7606779132027766
1969-08-01,0.34842861832012,-0.20060475824701246,-0.5490333765671325
1969-09-01,-0.03628006977254689,-0.03457499868602477,0.0017050710865221252
1969-10-01,-0.22442931800208513,1.0018165090206104,1.2262458270226955
1969-11-01,0.19592510303630856,0.7473063184642769,0.5513812154279683
1969-12-01,0.595336474081391,0.9253411606267391,0.3300046865453481
1970-01-01,0.8741722683605644,1.584588450201495,0.7104161818409307
1970-02-01,0.7660446964786798,1.062255978938204,0.2962112824595242
1970-03-01,0.6276886799777533,1.1782445535919555,0.5505558736142021
1970-04-01,0.4967246134021163,1.137227883481337,0.6405032700792206
1970-05-01,0.10460094372647213,1.006227338524633,0.9016263947981609
1970-06-01,0.5279470558792653,0.1545713334902845,-0.37337572238898076
1970-07-01,0.35193670344373185,0.26500769385495154,-0.0869290095887803
1970-08-01,0.1597629760813709,0.41418309034969963,0.2544201142683287
1970-09-01,0.4245470347859394,-0.1065053502979887,-0.5310523850839282
1970-10-01,0.6911518066403559,-0.26889526074126247,-0.9600470673816184
1970-11-01,0.3877909335011582,-0.2170996300423661,-0.6048905635435242
1970-12-01,-0.3134078848052896,-0.7405542276297781,-0.4271463428244885
1971-01-01,-0.7349405569632919,-0.36317377237703097,0.3717667845862609
1971-02-01,-1.217017396220091,-1.093035418732831,0.12398197748725992
1971-03-01,-1.4508699386498831,-0.5677660321761463,0.8831039064737368
1971-04-01,-1.0302379255267258,0.354564030868162,1.3848019563948877
1971-05-01,-0.7026465363074045,-0.07623297554595561,0.6264135607614488
1971-06-01,-0.4713844492712405,-0.36939361331204484,0.10199083595919567
1971-07-01,-0.11583626419640473,-0.24892359479748902,-0.1330873306010843
1971-08-01,0.6380456527822242,-0.37966992806978095,-1.017715580852005
1971-09-01,0.0642712989225458,-0.6301621617252732,-0.694433460647819
1971-10-01,0.3643689498251287,-0.9222963235232462,-1.2866652733483748
1971-11-01,-0.35476183228007124,-0.23310341108374255,0.12165842119632869
1971-12-01,-0.603897697874513,0.023737053246365165,0.6276347511208782
1972-01-01,-0.3989935247733223,0.6091666620370093,1.0081601868103316
1972-02-01,0.20252064248260124,0.05422961640181634,-0.1482910260807849
1972-03-01,-0.8392339639364056,-0.2740552443758629,0.5651787195605427
1972-04-01,-0.40689217116774407,-0.012328908505204019,0.39456326266254005
1972-05-01,-0.29665902089618723,0.8383898514300507,1.135048872326238
1972-06-01,-0.6204113964366981,1.5590523729433756,2.1794637693800736
1972-07-01,-0.5536438329921446,1.0941229542560933,1.647766787248238
1972-08-01,-0.11898069156705067,1.4366340401303608,1.5556147316974114
1972-09-01,-0.44881342473715125,1.612967076294401,2.0617805010315524
1972-10-01,-0.38992996137690156,1.6110964377884007,2.001026399165302
1972-11-01,-0.20886234179012117,1.7613028038921532,1.9701651456822744
1972-12-01,0.6382117231560798,1.7802242417659822,1.1420125186099024
1973-01-01,0.792312908167923,1.356452721902881,0.564139813734958
1973-02-01,1.4671768441970843,1.0181733618458921,-0.44900348235119214
1973-03-01,0.64707163821084,1.0273930290467046,0.3803213908358646
1973-04-01,0.9901718184016509,1.1686384332749415,0.17846661487329063
1973-05-01,0.2394088727509599,0.7468158696589965,0.5074069969080366
1973-06-01,0.34309982004665884,0.39957747357258777,0.05647765352592893
1973-07-01,0.6609366961389228,0.6271823102979478,-0.03375438584097501
1973-08-01,1.0619251296393675,0.36110677199827457,-0.7008183576410929
1973-09-01,1.4969010167320134,0.5546183553210489,-0.9422826614109645
1973-10-01,0.8630164606920769,0.39933481696474005,-0.4636816437273369
1973-11-01,0.38197240945370253,0.21130483357426974,-0.1706675758794328
1973-12-01,-0.29631597041588875,-0.5115711270497918,-0.21525515663390304
1974-01-01,-1.3915246299433643,-0.8061568909254622,0.5853677390179022
1974-02-01,-1.8946936188721897,-0.8536912661669711,1.0410023527052186
1974-03-01,-1.9378804014219193,-0.5651276230273274,1.3727527783945919
1974-04-01,-1.237268284290257,-0.5808386754624119,0.6564296088278451
1974-05-01,-0.6389336979877653,-0.4192454233533686,0.21968827463439672
1974-06-01,-0.43345494563688924,0.5415315891634271,0.9749865348003164
1974-07-01,0.21901979473466723,0.3746268535270526,0.15560705879238537
1974-08-01,0.30489878529009257,0.23837260042583963,-0.06652618486425294
1974-09-01,0.5608459605975877,-0.2555465795148528,-0.8163925401124406
1974-10-01,0.39207967060113624,-0.2699159591710976,-0.6619956297722338
1974-11-01,-0.16885998896386348,-0.7511174934555236,-0.5822575044916601
1974-12-01,0.25484371997934635,-0.23109090191548362,-0.48593462189482994
1975-01-01,0.6154661429005682,-0.794582555900351,-1.410048698800919
1975-02-01,-0.03545699105833438,-0.22850384866250545,-0.19304685760417106
1975-03-01,-0.26458198269956856,-0.8103456061799743,-0.5457636234804057
1975-04-01,-0.8020790513158719,-0.30340128715666853,0.49867776415920334
1975-05-01,-0.21214495910689418,-0.0101571960598386,0.20198776304705557
1975-06-01,-0.5931370649642494,0.49240325530476065,1.0855403202690102
1975-07-01,-0.008520861296144721,1.0188608889014603,1.027381750197605
1975-08-01,0.41672354432713066,0.04940858167976487,-0.3673149626473658
1975-09-01,1.0353102308922986,-0.6638644683707718,-1.6991746992630703
1975-10-01,0.6411852313828307,-1.404585960850798,-2.045771192233629
1975-11-01,-0.08361861166863818,-1.0433838966852855,-0.9597652850166474
1975-12-01,-0.7843446748962305,-0.8327829970728022,-0.048438322176571735
1976-01-01,-0.9325521799250042,-0.9033158263691989,0.029236353555805228
1976-02-01,-0.5094848720494857,-0.24504686661021,0.26443800543927565
1976-03-01,-1.3644648565451665,-0.6732253642851463,0.6912394922600201
1976-04-01,-1.0734404665790844,-0.6150031851704769,0.4584372814086075
1976-05-01,-0.8284721188336326,-0.25834098219728907,0.5701311366363435
1976-06-01,-0.8868634320348696,0.5914110029987648,1.4782744350336343
1976-07-01,-1.57435841401705,0.6149724460618072,2.189330860078857
1976-08-01,-0.8964082358577167,0.3572935967320982,1.2537018325898148
1976-09-01,-0.2691664947719587,-0.05002028436013362,0.21914621041182508
1976-10-01,0.26050829557804567,-0.030225154308312876,-0.2907334498863585
1976-11-01,0.20196182173554364,-0.07697506824085362,-0.27893688997639726
1976-12-01,-0.5836783268096043,0.2149735703833934,0.7986518971929977
1977-01-01,-0.04104519852891061,0.4072609575390632,0.4483061560679738
1977-02-01,0.06574896159209724,-0.005124960216141709,-0.07087392180823895
1977-03-01,-0.24814465226550642,0.2429573980270233,0.49110205029252973
1977-04-01,0.24489161947317706,0.3040105708999145,0.059118951426737454
1977-05-01,0.2848660918717071,0.07332823211629605,-0.21153785975541103
1977-06-01,0.370119591092031,1.0569265208473293,0.6868069297552983
1977-07-01,0.07693871065085986,0.6225987965941598,0.5456600859433
1977-08-01,-0.031484636203436535,0.7347786896226209,0.7662633258260575
1977-09-01,-0.23545542107201275,0.6228318239715377,0.8582872450435505
1977-10-01,-0.9452717159312454,0.866699147063572,1.8119708629948175
1977-11-01,-0.1472950842129809,0.825071983741147,0.9723670679541279
1977-12-01,0.16672944643569013,0.9033287397719936,0.7365992933363035
1978-01-01,2.081988763286465,0.6320264551731274,-1.4499623081133377
1978-02-01,1.6242406277030899,0.752502893174663,-0.8717377345284268
1978-03-01,0.8057718816051925,0.5301203091076103,-0.2756515724975822
1978-04-01,0.6082220804614851,0.502160875514505,-0.10606120494698013
1978-05-01,-0.2148360264788425,-0.4036460699917383,-0.1888100435128958
1978-06-01,-0.924138351713882,-0.3973954155192188,0.5267429361946632
1978-07-01,-0.4287637606236282,0.0400496116114844,0.4688133722351126
1978-08-01,-0.162983279675934,0.15733299678912097,0.320316276465055
1978-09-01,-0.5070713967623011,0.31336761512210093,0.820439011884402
1978-10-01,-0.37229256035805186,0.30556537064649325,0.6778579310045452
1978-11-01,0.334369609590456,0.27227712091121165,-0.06209248867924433
1978-12-01,0.6369389210206987,0.19531068176336244,-0.4416282392573363
1979-01-01,0.5688815847456266,1.313044150943479,0.7441625661978524
1979-02-01,1.2392361646380097,1.0108936636104644,-0.22834250102754527
1979-03-01,0.8901041145180028,0.6027247068524841,-0.2873794076655186
1979-04-01,0.6317871028536801,0.6775861962195594,0.045799093365879284
1979-05-01,0.5387719349925527,0.7817699762656135,0.2429980412730608
1979-06-01,-0.04572304942456401,1.112891608339797,1.158614657764361
1979-07-01,-0.4854580043110239,0.12667416892088548,0.6121321732319094
1979-08-01,-0.25077026124192087,-0.31357489012272316,-0.0628046288808023
1979-09-01,0.2865025517600545,0.049276340247975337,-0.23722621151207918
1979-10-01,0.21752394917746715,0.04621167716367769,-0.17131227201378946
1979-11-01,0.5419454549834358,0.08067469301631798,-0.46127076196711786
1979-12-01,0.6034824077478288,0.7941332662405786,0.19065085849274976
1980-01-01,0.5245880704343705,0.5492150731299027,0.024627002695532196
1980-02-01,0.1424807474679184,0.30177787332823713,0.15929712586031874
1980-03-01,0.37949226357847393,0.043574551912254636,-0.3359177116662193
1980-04-01,-0.01261443540203156,0.8085629890744364,0.8211774244764679
1980-05-01,0.32435932384381233,1.5241451285917127,1.1997858047479004
1980-06-01,0.8003267128507823,0.34894697976057915,-0.45137973309020313
1980-07-01,0.5693676739420896,0.5837159639557249,0.014348290013635245
1980-08-01,0.4263241090054324,0.8404883817238443,0.41416427271841194
1980-09-01,1.1385526669593393,0.41963580259059263,-0.7189168643687467
1980-10-01,1.1372144064284238,0.6462090277582512,-0.4910053786701726
1980-11-01,1.0679400288734255,0.8736033053106647,-0.19433672356276088
1980-12-01,0.2855000685543781,0.6470756585005638,0.3615755899461857
1981-01-01,0.07939824925342089,0.4171405480014293,0.33774229874800843
1981-02-01,-0.0686953096794246,0.5837602584158874,0.652455568095312
1981-03-01,0.9409071026073498,0.8582652250691233,-0.0826418775382265
1981-04-01,-0.34059736280204667,0.5661182242971908,0.9067155870992375
1981-05-01,-0.017697158595985942,0.4600573862581555,0.4777545448541414
1981-06-01,0.7566150509442717,0.5589027209315641,-0.1977123300127076
1981-07-01,1.1303097578921097,0.6093297170063037,-0.5209800408858061
1981-08-01,0.9026430338402694,0.4035524199106624,-0.4990906139296071
1981-09-01,0.9546509412844447,0.12513541789175708,-0.8295155233926876
1981-10-01,1.5410927068724383,0.7488951414918498,-0.7921975653805885
1981-11-01,0.46255896751096304,0.27083273634069016,-0.19172623117027288
1981-12-01,0.3812875206856167,0.21110261973439592,-0.1701849009512208
1982-01-01,0.19198668957168769,0.4599906235935632,0.2680039340218755
1982-02-01,-0.33180169395030906,0.4453111827161798,0.7771128766664889
1982-03-01,-0.39920808284757325,0.6538944375708208,1.0531025204183941
1982-04-01,-0.21680826369242778,0.9565257444786446,1.1733340081710724
1982-05-01,-0.10141117332875384,0.9175613843555617,1.0189725576843156
1982-06-01,-0.03881355211821045,1.087740058351785,1.1265536104699956
1982-07-01,-0.16889393035414085,1.0401414882404751,1.209035418594616
1982-08-01,-0.09341555153354257,1.0482101414257563,1.141625692959299
1982-09-01,0.34566966816761907,1.0763493206543049,0.7306796524866859
1982-10-01,-0.22919323456593937,1.7461367659016784,1.9753300004676178
1982-11-01,0.6650799701377159,1.486099397055483,0.8210194269177671
1982-12-01,1.7556229006946382,1.3677465253469618,-0.3878763753476764
1983-01-01,1.3612554626831943,0.7054397082774931,-0.6558157544057012
1983-02-01,2.060739028588152,1.1699878094381573,-0.8907512191499949
1983-03-01,2.6632629522048115,0.9492421945510288,-1.7140207576537827
1983-04-01,2.7155823931240266,1.0279938930280417,-1.687588500095985
1983-05-01,1.5834515619379157,1.313476824365937,-0.26997473757197876
1983-06-01,1.2048595972501355,2.373338618420498,1.1684790211703624
1983-07-01,0.32189857304874214,2.296486446140895,1.974587873092153
1983-08-01,0.6989219606287289,1.9934539212968156,1.2945319606680867
1983-09-01,0.42552891071894766,1.1455642292736883,0.7200353185547406
1983-10-01,0.44611921269188043,0.4920257894703308,0.04590657677845039
1983-11-01,0.3269146256546535,0.5947407908953405,0.267826165240687
1983-12-01,0.5010763845126096,0.46982078400618227,-0.03125560050642734
1984-01-01,-0.030717318344676857,-0.29592322677355654,-0.2652059084288797
1984-02-01,-0.6610937892610016,-0.888298720476663,-0.22720493121566143
1984-03-01,-0.22152490474839703,-0.27220643212559553,-0.0506815273771985
1984-04-01,-0.4830057388635234,0.4413619143260258,0.9243676531895492
1984-05-01,-0.08642847390655563,-0.7075638420903728,-0.6211353681838172
1984-06-01,-0.2523533846598323,-0.7922323817169383,-0.5398789970571061
1984-07-01,0.23396612838156883,-0.6187630786947188,-0.8527292070762876
1984-08-01,0.0989593997854595,-0.46529304541028693,-0.5642524451957465
1984-09-01,0.47160434801973694,-0.2607271055077893,-0.7323314535275263
1984-10-01,0.20923255240984295,-0.039777350934693964,-0.24900990334453693
1984-11-01,0.9588790687589288,0.09550370794033719,-0.8633753608185917
1984-12-01,0.1986585971461029,-0.1579087503424015,-0.3565673474885044
1985-01-01,0.6628871138873317,0.3144159173459501,-0.3484711965413816
1985-02-01,0.5252668982399061,-0.05178821107445198,-0.5770551093143581
1985-03-01,0.042490623904902776,-0.0651587185565934,-0.10764934246149618
1985-04-01,0.46865023487314283,0.10354925097248982,-0.36510098390065304
1985-05-01,-0.5151445988781461,-0.21907298034004818,0.29607161853809794
1985-06-01,-0.21420568637370135,-0.844037641646304,-0.6298319552726026
1985-07-01,0.09166684964598192,0.03860522704096315,-0.05306162260501877
1985-08-01,-0.07032328422020287,-0.1839847064555466,-0.11366142223534373
1985-09-01,-0.08148272846621792,0.15375349084902043,0.23523621931523836
1985-10-01,-0.044600559160409184,-0.43758012011721725,-0.3929795609568081
1985-11-01,-0.44353068977906623,0.07033289949138499,0.5138635892704513
1985-12-01,-0.05193796042275201,0.04220591728809817,0.09414387771085019
1986-01-01,-0.5094727501243858,-0.34628410213240113,0.16318864799198463
1986-02-01,-0.2903447101121877,0.19069507062467433,0.48103978073686204
1986-03-01,-0.8689448023537263,-0.07405612751100489,0.7948886748427214
1986-04-01,-0.16604164137837726,0.31023105378362653,0.47627269516200377
1986-05-01,-0.040025744628097076,0.5523824480058809,0.5924081926339779
1986-06-01,0.531219975655959,0.6814057909727158,0.1501858153167568
1986-07-01,0.5491483028771813,0.09809461288550286,-0.45105368999167844
1986-08-01,-0.6122824334653987,0.10835873061797675,0.7206411640833754
1986-09-01,-0.7086832550066391,0.14375834962101258,0.8524416046276517
1986-10-01,0.09631682011390684,0.3743565931251907,0.27803977301128385
1986-11-01,0.3772812244404413,1.4739087912802828,1.0966275668398415
1986-12-01,1.1210037559937112,1.0191298654059262,-0.10187389058778495
1987-01-01,0.700562057094607,0.5754258384696302,-0.1251362186249767
1987-02-01,1.110464954312757,0.4460430042319108,-0.6644219500808461
1987-03-01,1.374278046816905,1.2204013245902388,-0.15387672222666615
1987-04-01,1.8107655379693788,1.114637708798383,-0.6961278291709958
1987-05-01,1.5394489738290322,1.9598678073656566,0.42041883353662435
1987-06-01,0.8527297950531796,1.1950482027110523,0.3423184076578727
1987-07-01,1.2915192397819275,1.2960479172149797,0.004528677433052186
1987-08-01,0.9473002059044915,1.838095916891538,0.8907957109870466
1987-09-01,1.0997503847178696,2.0520022103500737,0.9522518256322041
1987-10-01,0.8505066339900472,1.5992139673882455,0.7487073333981983
1987-11-01,1.329082661278294,1.320303306820571,-0.008779354457723043
1987-12-01,0.8437874509077467,1.0485760521836216,0.20478860127587495
1988-01-01,1.1060768174269682,1.7202065321429807,0.6141297147160125
1988-02-01,1.9309495765545948,1.6981125838035878,-0.232836992751007
1988-03-01,1.5811265767039528,1.7208902075063608,0.13976363080240795
1988-04-01,0.9907173050310999,1.3680405378506506,0.3773232328195507
1988-05-01,1.423223955981106,0.026337587422001055,-1.3968863685591049
1988-06-01,0.8873500131355405,0.7891568799336094,-0.09819313320193113
1988-07-01,0.5760589765966637,0.7112647507632313,0.13520577416656754
1988-08-01,1.363542869949349,1.434419317122228,0.07087644717287889
1988-09-01,1.781245013776111,1.225178706800826,-0.5560663069752851
1988-10-01,1.4859258257474994,0.9517445105758697,-0.5341813151716297
1988-11-01,1.0905231753326128,0.616271750226579,-0.4742514251060338
1988-12-01,0.9373202249705961,0.9674016393203212,0.03008141434972511
1989-01-01,0.9913427963662024,-0.07516348901507144,-1.066506285381274
1989-02-01,-0.11524350205906966,0.08537054774225658,0.20061404980132624
1989-03-01,0.31170645842561573,0.14963089631040316,-0.16207556211521257
1989-04-01,0.22550866124009042,-0.19175998908583772,-0.41726865032592814
1989-05-01,0.749002481982184,-0.23010807845883124,-0.9791105604410153
1989-06-01,0.89120478531698,-0.351155850801595,-1.242360636118575
1989-07-01,0.7684702936909623,0.4619639738912443,-0.30650631979971804
1989-08-01,1.3538332079451576,0.15596564606236063,-1.197867561882797
1989-09-01,1.4471890019015643,0.6222540701433291,-0.8249349317582352
1989-10-01,1.6749187599639181,0.5056030044332317,-1.1693157555306866
1989-11-01,1.3503566398268037,0.8336227403986334,-0.5167338994281703
1989-12-01,1.1376956468548496,0.9677482916172462,-0.1699473552376034
1990-01-01,0.31275742933168876,1.0762806321436176,0.7635232028119288
1990-02-01,1.6319501720659684,1.553982262126496,-0.07796790993947234
1990-03-01,0.9480711603407794,1.0211725461629926,0.07310138582221315
1990-04-01,1.2536418604255015,0.9763234423252574,-0.27731841810024416
1990-05-01,1.8232111184683846,0.6286459533294089,-1.1945651651389757
1990-06-01,0.6094791240942373,0.08025293272172533,-0.529226191372512
1990-07-01,0.868658004633089,1.0261791040587687,0.1575210994256797
1990-08-01,1.369870514850957,0.9851001649244431,-0.3847703499265138
1990-09-01,1.6261449821361218,0.7193167132823646,-0.9068282688537572
1990-10-01,2.020757283034562,0.33601299739308343,-1.6847442856414787
1990-11-01,1.3046084945036835,0.6148081071951174,-0.6898003873085662
1990-12-01,1.4824068308912994,0.986120863354278,-0.4962859675370215
1991-01-01,1.2463396127459456,1.4553449188312433,0.20900530608529766
1991-02-01,0.9780208006825479,1.1941379194572745,0.2161171187747266
1991-03-01,1.1002982957323375,1.144137819266711,0.04383952353437359
1991-04-01,0.3304602887460715,1.8045335550622061,1.4740732663161347
1991-05-01,0.10969215226799583,1.826406673049483,1.7167145207814871
1991-06-01,0.4998363115749951,1.186728547584849,0.6868922360098539
1991-07-01,0.6873018832289561,0.9700599488787786,0.2827580656498224
1991-08-01,0.8724594403440934,0.7504935937498933,-0.12196584659420007
1991-09-01,0.5408811499597558,0.9191617624597002,0.3782806124999444
1991-10-01,0.3004379168537099,1.1652245500989271,0.8647866332452172
1991-11-01,-0.17438758680894614,1.0024809259230507,1.1768685127319969
1991-12-01,-0.03491877758394439,0.9178688777819086,0.952787655365853
1992-01-01,1.397803066856275,0.8599310819404579,-0.5378719849158172
1992-02-01,1.6587153826842644,0.5541022285678487,-1.1046131541164157
1992-03-01,1.6652042491896868,0.5492439608213131,-1.1159602883683737
1992-04-01,1.47609130791479,0.4035575555002466,-1.0725337524145433
1992-05-01,1.965546762979268,0.9422122143591262,-1.023334548620142
1992-06-01,2.4260950632604805,0.7745589665408734,-1.651536096719607
1992-07-01,1.9809779736301238,1.1610653644845235,-0.8199126091456004
1992-08-01,1.8457166846069386,0.12844530537869364,-1.717271379228245
1992-09-01,1.3179086707221594,0.11562173818725646,-1.202286932534903
1992-10-01,1.1280138652783847,0.42435155772616995,-0.7036623075522147
1992-11-01,0.567510595016944,0.6921500863313012,0.12463949131435714
1992-12-01,0.34699459458092513,0.09528223563952323,-0.25171235894140187
1993-01-01,0.4336372664175795,0.4628408758127253,0.029203609395145824
1993-02-01,0.5659238350215025,0.6601007975831764,0.09417696256167396
1993-03-01,0.769478837859188,0.2127601312726568,-0.5567187065865312
1993-04-01,0.2808937370168087,0.30790078000985205,0.02700704299304335
1993-05-01,0.37432589910133757,1.2186866796178548,0.8443607805165172
1993-06-01,0.7196674232429284,1.196531104203454,0.47686368096052567
1993-07-01,0.2197471102405992,1.0394674421075651,0.8197203318669659
1993-08-01,0.4437069495972062,0.43034093907859866,-0.01336601051860753
1993-09-01,0.6199403454545591,0.15760518303707732,-0.4623351624174818
1993-10-01,0.639621503045077,0.2534134584202022,-0.38620804462487485
1993-11-01,1.0593213401281318,0.8451007831190432,-0.2142205570090886
1993-12-01,0.7942572649537806,0.5436769817121746,-0.25058028324160597
1994-01-01,0.6891068378761787,0.8163106679107127,0.12720383003453406
1994-02-01,0.8012467669657863,0.26692005902632165,-0.5343267079394647
1994-03-01,0.18584451012409087,-0.028240248934067413,-0.21408475905815827
1994-04-01,-0.06541754113269138,0.8175181734116689,0.8829357145443603
1994-05-01,-0.5819485280979964,1.2469003248953725,1.8288488529933689
1994-06-01,-0.5012771165650443,0.38802239700841695,0.8892995135734612
1994-07-01,-0.8249325167047642,0.5269420211037652,1.3518745378085293
1994-08-01,-1.2263549151237485,0.584273817374295,1.8106287324980435
1994-09-01,-1.5197491414466582,0.25655515534826073,1.776304296794919
1994-10-01,-1.4866853785469925,1.546869470552551,3.033554849099543
1994-11-01,0.15228617268039102,0.8311191404763965,0.6788329677960054
1994-12-01,0.8380052926355877,0.6386597110696594,-0.1993455815659283
1995-01-01,0.9174839067388124,0.5854402381585786,-0.3320436685802338
1995-02-01,0.22924948732560066,1.050951262366257,0.8217017750406562
1995-03-01,0.22322852712899338,0.6794504152385789,0.45622188810958547
1995-04-01,0.12190256742008333,0.5055888815618756,0.38368631414179233
1995-05-01,0.8346438828056717,0.8461510111889855,0.011507128383313803
1995-06-01,1.1129632830756329,1.0796707632178058,-0.03329251985782711
1995-07-01,1.8238050927982283,0.8368299160938882,-0.9869751767043401
1995-08-01,1.373143434627651,0.5860455957808012,-0.7870978388468498
1995-09-01,0.7384564071461712,0.6063658398675942,-0.13209056727857704
1995-10-01,1.282095655210069,0.9461017815203663,-0.3359938736897028
1995-11-01,1.2271130273466337,0.05446392767659032,-1.1726490996700434
1995-12-01,0.15043757910281436,0.6136237118472889,0.46318613274447457
1996-01-01,0.2342800862416308,1.1416438485749443,0.9073637623333135
1996-02-01,0.5929072402915779,1.166598320312667,0.5736910800210892
1996-03-01,0.9026503069953289,0.8582074496863024,-0.04444285730902653
1996-04-01,1.4535808930061955,0.07023211354579693,-1.3833487794603987
1996-05-01,0.9003568387666238,0.17208561981807666,-0.7282712189485471
1996-06-01,1.3309761059787364,0.19755621830900014,-1.1334198876697363
1996-07-01,1.0184849988550717,-0.013565943646268494,-1.0320509425013402
1996-08-01,1.3078305021949612,-0.18918449090942369,-1.497014993104385
1996-09-01,1.1532080744038684,-0.07567255433259278,-1.228880628736461
1996-10-01,1.4687611798075053,-0.47952504804515755,-1.948286227852663
1996-11-01,1.6192451823698473,0.04558577718311912,-1.573659405186728
1996-12-01,0.8539335022154974,0.2847662328309855,-0.5691672693845118
1997-01-01,0.28413756417326624,0.2685807803080723,-0.015556783865193935
1997-02-01,-0.3406022115720859,-0.018991052093146752,0.32161115947893915
1997-03-01,0.4402594740990888,0.7342985119965099,0.2940390378974211
1997-04-01,0.47272320170636184,0.8045572291988572,0.33183402749249535
1997-05-01,0.8557360324776984,0.6368885746118507,-0.2188474578658477
1997-06-01,1.1667846305145975,1.3906949074034056,0.22391027688880816
1997-07-01,-0.1812219281796874,0.9274794917398089,1.1087014199194964
1997-08-01,-0.1745112304449553,1.255161562690057,1.4296727931350124
1997-09-01,-0.5369640640561046,1.5491252782773568,2.0860893423334614
1997-10-01,-0.834356101276622,1.9437478336099405,2.7781039348865626
1997-11-01,-0.8833383762161193,2.720778586398083,3.6041169626142024
1997-12-01,0.43605437828229276,2.589541804320511,2.153487426038218
1998-01-01,1.308779648930204,3.0504462046712737,1.7416665557410698
1998-02-01,2.5876427468605567,2.8961429219768258,0.30850017511626904
1998-03-01,2.600277429391104,2.6150990658856657,0.014821636494561474
1998-04-01,2.5300078417854883,2.3045987518376414,-0.22540908994784692
1998-05-01,2.295420710694706,2.3675886839324263,0.07216797323772006
1998-06-01,1.9149377256915026,1.9979141808505858,0.08297645515908325
1998-07-01,2.4539512471376743,1.3028268954659599,-1.1511243516717145
1998-08-01,2.453534252914273,1.3246653482235449,-1.128868904690728
1998-09-01,2.208615605061728,0.8570724843882218,-1.351543120673506
1998-10-01,2.619956162596603,0.9493372029583342,-1.6706189596382688
1998-11-01,2.1243658012395894,0.23402981748380594,-1.8903359837557834
1998-12-01,1.3505081638905394,0.5257088376548888,-0.8247993262356506
1999-01-01,1.1335693435511962,0.3922778749275217,-0.7412914686236745
1999-02-01,0.5611599184576481,0.7247707094206528,0.16361079096300468
1999-03-01,0.5604483614543443,1.0864202118286774,0.5259718503743331
1999-04-01,0.5992033681879287,0.46372098747769647,-0.13548238071023228
1999-05-01,0.6145218449353655,0.11652496000535503,-0.4979968849300105
1999-06-01,0.7302134980789418,0.5420515676088148,-0.18816193047012697
1999-07-01,0.49750890195601266,0.8944512312272204,0.3969423292712077
1999-08-01,0.3167176622614868,0.778264294425784,0.46154663216429725
1999-09-01,0.7669671749787038,0.8202503070703973,0.05328313209169344
1999-10-01,0.9438575791764137,0.3456614863241664,-0.5981960928522473
1999-11-01,1.1384532671735283,0.5511974107093566,-0.5872558564641718
1999-12-01,0.9180099982881026,0.8116584656962379,-0.1063515325918647
2000-01-01,0.9879607792636188,0.909155708103826,-0.07880507115979285
2000-02-01,-0.09978804755801576,0.7867059198046089,0.8864939673626246
2000-03-01,-0.34225927873310125,0.6958201070378208,1.038079385770922
2000-04-01,0.25376486864554687,0.7505179878004179,0.496753119154871
2000-05-01,0.369307422110407,0.7000755849569252,0.3307681628465182
2000-06-01,0.2099647166858146,0.2840844833136996,0.07411976662788503
2000-07-01,0.8300011854928057,0.9714465580664791,0.1414453725736734
2000-08-01,1.4131821532292048,1.4062827056884717,-0.006899447540733128
2000-09-01,1.4376248029985592,1.561373659435378,0.12374885643681877
2000-10-01,1.222092125970683,1.0288553881807703,-0.19323673778991268
2000-11-01,1.002517999114846,1.0860241294820063,0.08350613036716026
2000-12-01,0.8652432583327393,1.1965773245097104,0.33133406617697114
2001-01-01,0.15667552175869132,0.6330471536029625,0.47637163184427117
2001-02-01,-0.3157280212692127,0.670827760326915,0.9865557815961277
2001-03-01,0.1808623989084571,1.0187652385454569,0.8379028396369997
2001-04-01,0.9308956046681967,1.0205023517222709,0.08960674705407423
2001-05-01,1.4531166232749093,1.124897974838668,-0.32821864843624127
2001-06-01,1.2560626088677451,0.9318428170401796,-0.32421979182756555
2001-07-01,2.028398944616887,0.6605957400293418,-1.3678032045875452
2001-08-01,1.3431053042326613,0.8810659589250245,-0.4620393453076368
2001-09-01,1.5489768069567413,0.8545688844659848,-0.6944079224907566
2001-10-01,1.3425355737530145,0.5473168308298886,-0.7952187429231259
2001-11-01,0.8548365856353628,0.8250334668192664,-0.02980311881609643
2001-12-01,1.0873654138443583,1.4535622272968711,0.36619681345251287
2002-01-01,1.4521335351493923,1.2661305400929452,-0.18600299505644702
2002-02-01,1.0107136326741892,1.127234026150725,0.11652039347653576
2002-03-01,1.895435972592447,1.2323415703732155,-0.6630944022192315
2002-04-01,1.936591120495607,0.9011576692753258,-1.0354334512202812
2002-05-01,1.5813423469707129,0.35375068186778336,-1.2275916651029295
2002-06-01,1.2718817211217648,0.6429466444749671,-0.6289350766467977
2002-07-01,1.2324248549249561,0.8492516234003719,-0.38317323152458427
2002-08-01,1.332995618700207,0.8659480670869009,-0.46704755161330613
2002-09-01,0.7254010938146925,2.0716458405091647,1.346244746694472
2002-10-01,0.0059842342771581234,1.7160743083738936,1.7100900740967355
2002-11-01,0.8245802605885935,1.4943035014160444,0.6697232408274509
2002-12-01,1.9081045965132728,1.7399547999398466,-0.1681497965734262
2003-01-01,2.3680783175447995,1.4298852334681869,-0.9381930840766126
2003-02-01,1.9346588856348477,1.8276257336270032,-0.10703315200784447
2003-03-01,1.1954311639082373,1.5561725910841047,0.3607414271758673
2003-04-01,1.660756714870913,1.737802987904119,0.07704627303320599
2003-05-01,1.2606689404053142,1.9647016810616682,0.704032740656354
2003-06-01,0.7856349396309567,1.8687862002459759,1.0831512606150193
2003-07-01,0.6007149722477569,1.6350738636077535,1.0343588913599966
2003-08-01,0.2954073179376805,1.2590132548781139,0.9636059369404334
2003-09-01,1.1783368251338173,1.593496772283773,0.41515994714995563
2003-10-01,1.146778605331429,1.2313773634288052,0.08459875809737616
2003-11-01,1.059030413925759,0.7946050985336164,-0.26442531539214253
2003-12-01,0.3686322308824007,0.7818271096997366,0.41319487881733585
2004-01-01,1.3675103760342093,1.2234152737273933,-0.144095102306816
2004-02-01,1.5023789146841906,1.0500075977801828,-0.4523713169040078
2004-03-01,0.8902859433944857,0.8329981243154696,-0.057287819079016145
2004-04-01,1.1405442992530825,1.0111234812443521,-0.1294208180087304
2004-05-01,0.8039511684553431,0.15515743265156623,-0.6487937358037769
2004-06-01,0.799526665794257,0.2280616204384112,-0.5714650453558459
2004-07-01,0.923352130679172,0.699074144988031,-0.224277985691141
2004-08-01,1.0242501864320923,1.3123206747608223,0.28807048832872995
2004-09-01,0.9229036194505149,1.3395739647861176,0.41667034533560265
2004-10-01,1.2128188532700506,1.4810247925977174,0.2682059393276668
2004-11-01,1.187219771846266,1.2625279239997167,0.07530815215345066
2004-12-01,1.024125330603575,1.1397648647358702,0.11563953413229533
2005-01-01,1.7430961032974708,1.0556933373984532,-0.6874027658990176
2005-02-01,2.692776203243021,1.034870447481119,-1.657905755761902
2005-03-01,2.4926347345131745,1.326361376683686,-1.1662733578294886
2005-04-01,1.3296826965706874,1.5156373824969935,0.18595468592630615
2005-05-01,1.3410736695860916,1.8721070008607787,0.5310333312746871
2005-06-01,1.5626988261686572,1.76895033873154,0.20625151256288277
2005-07-01,1.6786329178142103,0.899092520313829,-0.7795403975003813
2005-08-01,1.6230490424658706,1.1572322888087088,-0.4658167536571618
2005-09-01,2.1267198790937893,0.9202402362723561,-1.2064796428214333
2005-10-01,1.8532928877937296,0.9729865929930038,-0.8803062948007258
2005-11-01,1.6013895866992178,0.8493569029868462,-0.7520326837123716
2005-12-01,1.1998811226120316,0.677658094473736,-0.5222230281382956
2006-01-01,0.6675782989005928,0.7840142289138552,0.11643593001326236
2006-02-01,1.6353321891685517,0.726812106280323,-0.9085200828882287
2006-03-01,1.3622773409690276,0.8544327913420067,-0.507844549627021
2006-04-01,1.1408352254554552,0.8572098614095959,-0.28362536404585936
2006-05-01,1.6482190077411563,1.1116866706336326,-0.5365323371075237
2006-06-01,1.2613720120610483,0.8570236962871731,-0.4043483157738752
2006-07-01,0.5660947541653959,0.8724580688334151,0.30636331466801925
2006-08-01,0.7417972097034178,1.3715019252303176,0.6297047155268998
2006-09-01,-0.20290805218155766,1.5462942845191348,1.7492023367006924
2006-10-01,-0.5019729150657192,1.8065312994104112,2.3085042144761303
2006-11-01,0.24701901732802817,2.12214858653027,1.8751295692022416
2006-12-01,1.1249676255010403,2.015755219065665,0.8907875935646248
2007-01-01,1.3734016316322581,1.9324732886268,0.5590716569945418
2007-02-01,1.7777769310053253,1.8551460743106702,0.07736914330534495
2007-03-01,1.073860377091711,1.6277562903991432,0.5538959133074322
2007-04-01,1.2280039888414,1.6310148219902398,0.4030108331488398
2007-05-01,0.7398383066074413,1.8386357957465638,1.0987974891391223
2007-06-01,1.1495472530240103,2.0023628853277917,0.8528156323037814
2007-07-01,0.8592756346065668,1.813137593461627,0.9538619588550602
2007-08-01,1.0465787724642033,1.851615356471618,0.8050365840074147
2007-09-01,0.47644099613418445,1.5267276882038054,1.050286692069621
2007-10-01,0.8099224287590442,1.310664447119958,0.5007420183609138
2007-11-01,0.8415267118768079,0.8611045641604198,0.019577852283611863
2007-12-01,1.3592723157370195,0.8913884939890169,-0.4678838217480026
2008-01-01,1.466898039919811,1.1689138292663874,-0.2979842106534236
2008-02-01,0.47777319570254945,0.390482344419189,-0.08729085128336045
2008-03-01,0.06645566982536068,0.17216329561053642,0.10570762578517574
2008-04-01,0.494033546030168,-0.030605187937534223,-0.5246387339677022
2008-05-01,-0.17741564369864327,0.4694169982751339,0.6468326419737771
2008-06-01,-0.2063506789096364,1.174480166426828,1.3808308453364644
2008-07-01,-0.10223546423547704,1.1841177422300444,1.2863532064655214
2008-08-01,0.41250511439272525,1.5428637106769718,1.1303585962842466
2008-09-01,1.3373279947305425,1.607767291840524,0.2704392971099814
2008-10-01,0.99327866780449,1.4426426799437297,0.4493640121392397
2008-11-01,0.9717161874386279,1.082499831129934,0.11078364369130622
2008-12-01,1.0087789734284105,0.8945468815832237,-0.11423209184518679
2009-01-01,1.0828027212371456,0.9291845074817221,-0.1536182137554235
2009-02-01,0.6877491822651048,1.6327301089113209,0.944980926646216
2009-03-01,0.8637389274279693,1.6525226711683496,0.7887837437403803
2009-04-01,1.3769218386809678,1.6116022933624328,0.23468045468146492
2009-05-01,1.722732481323885,2.109255688879446,0.38652320755556113
2009-06-01,2.2233195002066513,2.4899293409529824,0.2666098407463311
2009-07-01,2.6291615525166816,1.7071967998291202,-0.9219647526875614
2009-08-01,2.3806936049951877,1.9137238930040366,-0.4669697119911511
2009-09-01,1.857394947247187,1.667391486911646,-0.19000346033554094
2009-10-01,2.1565834537673547,1.8053565332930541,-0.3512269204743006
2009-11-01,1.8592956651026888,1.788746110732059,-0.07054955437062982
2009-12-01,1.659908180113993,1.9823610477952116,0.3224528676812186
2010-01-01,1.5399568824906755,2.817418827293827,1.2774619448031517
2010-02-01,1.9872074309384316,2.903326327907552,0.9161188969691205
2010-03-01,2.218727714979201,2.7508904739756135,0.5321627589964124
2010-04-01,1.7674175338158342,2.5724839435170033,0.805066409701169
2010-05-01,2.248545226337391,1.9589626597014633,-0.28958256663592774
2010-06-01,1.7753658801031607,1.9530612253206623,0.17769534521750163
2010-07-01,2.1330596459204956,1.8373262204026248,-0.29573342551787074
2010-08-01,1.9324490586893242,1.205725093456346,-0.7267239652329782
2010-09-01,2.6582056850535656,0.8359266942757891,-1.8222789907777766
2010-10-01,2.3632137890026232,1.0190335731012248,-1.3441802159013985
2010-11-01,2.0158503277545416,1.2139966024301987,-0.801853725324343
2010-12-01,1.1508236917369215,1.0175506716088227,-0.13327302012809872
2011-01-01,0.4031991124943272,0.5176119387268953,0.11441282623256804
2011-02-01,0.544722588023586,0.797471399470228,0.2527488114466421
2011-03-01,0.313306552538666,0.9911293470961483,0.6778227945574823
2011-04-01,0.5317448550127399,0.755120759965146,0.2233759049524061
2011-05-01,0.8633364795146872,1.003261535539829,0.13992505602514194
2011-06-01,1.0485231292500616,1.4088556360700943,0.3603325068200327
2011-07-01,0.8793131767949922,1.474862727045524,0.5955495502505317
2011-08-01,1.0518154441069134,1.6862429523773925,0.6344275082704791
2011-09-01,0.7224554660156681,1.6931207907278663,0.9706653247121981
2011-10-01,0.9995335811555047,2.007859250080149,1.0083256689246443
2011-11-01,2.0070134443574683,2.044479213558101,0.037465769200632604
2011-12-01,1.7051835703582572,1.9426115844144638,0.23742801405620662
2012-01-01,1.092366920140151,1.5798893857320657,0.4875224655919148
2012-02-01,1.0547525865583691,1.2298816229624432,0.17512903640407407
2012-03-01,-0.0031120583170307567,1.0015674329257827,1.0046794912428134
2012-04-01,1.1056695207436453,1.3619741226544608,0.2563046019108155
2012-05-01,1.4390067024598294,1.5133411320042127,0.0743344295443833
2012-06-01,1.1267459119130434,1.6108961497946221,0.48415023788157874
2012-07-01,0.41277664551493987,1.5335817744524527,1.120805128937513
2012-08-01,0.31355383981068274,2.2809634846743276,1.967409644863645
2012-09-01,1.1311704145741301,2.2393292599162242,1.108158845342094
2012-10-01,0.8677440114806345,2.2255183756272476,1.3577743641466131
2012-11-01,1.8128929358242298,2.0044601317241892,0.1915671958999594
2012-12-01,1.762059642922136,2.1378731198880114,0.3758134769658754
2013-01-01,1.6010513849889598,2.0356216054229654,0.4345702204340056
2013-02-01,1.9834253903075856,1.946681539159844,-0.03674385114774159
2013-03-01,1.7472090724835148,1.6390610069710905,-0.10814806551242429
2013-04-01,1.4894011816733446,1.0976902631709322,-0.39171091850241235
2013-05-01,1.5685415940663106,0.8779274717404555,-0.6906141223258551
2013-06-01,1.2746455200443063,0.9687612866627056,-0.30588423338160076
2013-07-01,1.3423222278712745,1.0076332061732742,-0.3346890216980003
2013-08-01,1.2302623034873186,1.1184072315530944,-0.11185507193422417
2013-09-01,1.294525477206447,0.9626858841847439,-0.33183959302170307
2013-10-01,1.5161821507942688,1.6495555842861498,0.13337343349188102
2013-11-01,1.8887883088682293,1.8108933408133865,-0.07789496805484286
2013-12-01,1.332288910466944,1.3163842100192222,-0.015904700447721742
2014-01-01,1.279759760243519,1.1678931308365526,-0.11186662940696634
2014-02-01,1.0460248004871857,1.0019962546560528,-0.044028545831132915
2014-03-01,1.4656288743619583,1.1354137364607622,-0.33021513790119617
2014-04-01,1.915244410396504,1.39506015854987,-0.520184251846634
2014-05-01,1.8977245920511132,1.8942349724811656,-0.003489619569947644
2014-06-01,1.9078100337333697,1.8303270537482272,-0.07748297998514242
2014-07-01,2.0459636140851445,1.3048297754037497,-0.7411338386813948
2014-08-01,2.1690084269936922,1.1830964018515113,-0.9859120251421809
2014-09-01,2.144611840539716,1.1412695924840048,-1.003342248055711
2014-10-01,1.8956226502389695,1.902322884127388,0.006700233888418561
2014-11-01,1.584806793163969,2.0796836801569416,0.4948768869929725
2014-12-01,1.9850182112655765,1.8894197152973975,-0.09559849596817904
