,soi
1876-01-01,1.0237813248281133
1876-02-01,0.985181853066946
1876-03-01,0.37547037369811814
1876-04-01,0.9196392401300539
1876-05-01,0.9565895985587137
1876-06-01,2.1006671987299748
1876-07-01,-0.4807513284394564
1876-08-01,1.4630625518763791
1876-09-01,0.9537264261521881
1876-10-01,-0.5914029707932109
1876-11-01,-0.2522986707147447
1876-12-01,-0.24691591206340632
1877-01-01,-0.8024232005407536
1877-02-01,-0.3699009931590529
1877-03-01,-0.06339110205299311
1877-04-01,-0.45682730149637857
1877-05-01,0.649662454636178
1877-06-01,-1.3278828924616195
1877-07-01,-0.9592242145641903
1877-08-01,-0.49584965147269355
1877-09-01,-1.6269450799066174
1877-10-01,-1.3212990423420237
1877-11-01,-1.1189734937805473
1877-12-01,-1.1433622170070628
1878-01-01,-0.7194139039331057
1878-02-01,-1.5052406751321048
1878-03-01,-1.0386388259443762
1878-04-01,-0.39698093012136954
1878-05-01,0.49619888267486645
1878-06-01,0.05986357302075214
1878-07-01,1.774906563291621
1878-08-01,1.524278558230981
1878-09-01,1.6269450799066174
1878-10-01,1.1491184305922768
1878-11-01,1.3077160108036607
1878-12-01,1.6875208512359272
1879-01-01,1.148295269739609
1879-02-01,1.2415488780285853
1879-03-01,1.5457676423677666
1879-04-01,1.1590247256303623
1879-05-01,0.49619888267486645
1879-06-01,2.0190350537016766
1879-07-01,2.3900859883091803
1879-08-01,2.4425186535508456
1879-09-01,1.739148188865721
1879-10-01,1.5421393921954885
1879-11-01,0.8454894385019256
1879-12-01,-0.4828228344169888
1880-01-01,0.9822766765242659
1880-02-01,0.7288148281052649
1880-03-01,1.6432924147568717
1880-04-01,0.6204073832547365
1880-05-01,1.4937121004232168
1880-06-01,1.2843457484463414
1880-07-01,0.2711346354708509
1880-08-01,1.6467105709403242
1880-09-01,0.7293202082340449
1880-10-01,0.5876599140162965
1880-11-01,0.6143761523510579
1880-12-01,-0.15255314312205914
1881-01-01,-0.5948999590216102
1881-02-01,-0.2966532717413762
1881-03-01,0.5217575322818034
1881-04-01,0.26132915500441023
1881-05-01,-0.11765540517020505
1881-06-01,-0.10340071703603022
1881-07-01,-0.4807513284394564
1881-08-01,-0.8019296832459818
1881-09-01,-1.2903357530293709
1881-10-01,-2.0511951138907722
1881-11-01,0.6143761523510579
1881-12-01,0.9326186997044524
1882-01-01,-0.5533953107177627
1882-02-01,0.03296147463789831
1882-03-01,0.8143318494492294
1882-04-01,0.32117552637941926
1882-05-01,0.9565895985587137
1882-06-01,-0.838090022291458
1882-07-01,-2.121229795153052
1882-08-01,-2.148681823048478
1882-09-01,-1.4025388619884105
1882-10-01,-0.08609030587484151
1882-11-01,0.20992790158699043
1882-12-01,0.9798000841751796
1883-01-01,0.5672301934858849
1883-02-01,0.8386864102316758
1883-03-01,-1.916361777446654
1883-04-01,1.2787174683804483
1883-05-01,1.6471756723844408
1883-06-01,0.712920733247696
1883-07-01,-0.959224214564268
1883-08-01,0.4223904438472408
1883-09-01,-0.7854217627135328
1883-10-01,0.5876599140162965
1883-11-01,0.441041187737858
1883-12-01,-1.379269139360645
1884-01-01,-1.0514510903637917
1884-02-01,-0.2600294110326003
1884-03-01,1.2044309390058159
1884-04-01,-0.87575190112185
1884-05-01,0.41946709669421073
1884-06-01,1.2843457484462486
1884-07-01,-0.207338250653883
1884-08-01,-0.1897696196994053
1884-09-01,-0.6732186537544932
1884-10-01,0.5315140623587495
1884-11-01,-0.1367420276393438
1884-12-01,-1.1433622170070628
1885-01-01,-1.3834882767945247
1885-02-01,0.2527046388907202
1885-03-01,0.8143318494492294
1885-04-01,0.2014827836292651
1885-05-01,-0.11765540517020505
1885-06-01,-1.0829864573765389
1885-07-01,-0.4123980589931213
1885-08-01,-0.6182816641820367
1885-09-01,-0.3927108813567983
1885-10-01,-1.489736597314792
1885-11-01,-1.4078651014691483
1885-12-01,0.5079862394680147
1886-01-01,-0.01383488276783908
1886-02-01,0.2527046388907202
1886-03-01,0.6192823046709639
1886-04-01,0.5605610118796595
1886-05-01,0.879857812578058
1886-06-01,0.8761850233043855
1886-07-01,0.8863140604884882
1886-08-01,1.5854945645856526
1886-09-01,1.2342341985498828
1886-10-01,1.3737018372227199
1886-11-01,0.9032677600396588
1886-12-01,1.3572511599409438
1887-01-01,1.1067906214357612
1887-02-01,0.9851818530669043
1887-03-01,1.2531933252003407
1887-04-01,0.9196392401300539
1887-05-01,-0.11765540517020505
1887-06-01,0.8761850233043855
1887-07-01,0.6129009827029148
1887-08-01,0.7284704756204594
1887-09-01,0.44881243583628627
1887-10-01,0.5876599140162965
1887-11-01,-0.48341195686561234
1887-12-01,0.5079862394680147
1888-01-01,-0.22135812428702958
1888-02-01,-0.04028624677973676
1888-03-01,-0.6973021225823699
1888-04-01,-1.4742156148724848
1888-05-01,-0.6547779070347081
1888-06-01,-1.246250747433321
1888-07-01,-1.6427569090282403
1888-08-01,-0.5570656578273651
1888-09-01,-0.8976248716726363
1888-10-01,-1.209007339026802
1888-11-01,-1.1189734937805473
1888-12-01,-0.19973452759273272
1889-01-01,-2.2135812428712867
1889-02-01,-0.003662386070919226
1889-03-01,-2.1114113222249196
1889-04-01,0.2014827836292651
1889-05-01,0.11253995277167496
1889-06-01,2.5904600689002293
1889-07-01,0.27113463547092864
1889-08-01,0.48360645020184273
1889-09-01,1.0098279806317398
1889-10-01,0.5315140623587495
1889-11-01,2.001055869256329
1889-12-01,2.0649719270016913
1890-01-01,1.8538742909048282
1890-02-01,0.9851818530669043
1890-03-01,1.643292414756927
1890-04-01,0.7401001260048907
1890-05-01,0.649662454636178
1890-06-01,0.9578171683327767
1890-07-01,-0.13898498120747024
1890-08-01,-0.006121600635460197
1890-09-01,0.8415233171930846
1890-10-01,0.4753682107011387
1890-11-01,0.20992790158699043
1890-12-01,0.08335377923157697
1891-01-01,1.397323159562647
1891-02-01,-0.1501578289061477
1891-03-01,-0.5022525778041598
1891-04-01,0.5605610118796595
1891-05-01,0.26600352473289923
1891-06-01,0.2231278630774417
1891-07-01,-0.5491045978858692
1891-08-01,-0.5570656578272956
1891-09-01,-1.009827980631676
1891-10-01,0.1946389524131486
1891-11-01,-0.4256336353279447
1891-12-01,-0.388460065475588
1892-01-01,0.2766976553589993
1892-02-01,-0.6628918788295098
1892-03-01,1.350718097589501
1892-04-01,0.7401001260048907
1892-05-01,1.2635167424813367
1892-06-01,2.345563633815148
1892-07-01,0.8863140604884104
1892-08-01,0.8509024883297329
1892-09-01,0.5610155447953897
1892-10-01,0.9245350239618974
1892-11-01,-0.07896370610161046
1892-12-01,0.36644208605583306
1893-01-01,1.0237813248280663
1893-02-01,0.7288148281052232
1893-03-01,0.22918321511443288
1893-04-01,0.32117552637941926
1893-05-01,-0.04092361918963654
1893-06-01,1.447610038503031
1893-07-01,1.5698467549523827
1893-08-01,1.0345505073937478
1893-09-01,0.504913990315838
1893-10-01,0.8683891723043504
1893-11-01,0.20992790158705613
1893-12-01,0.17771654817303142
1894-01-01,1.5633417527779898
1894-02-01,0.9119341316492693
1894-03-01,0.8630942356438096
1894-04-01,0.021943669504101943
1894-05-01,-0.1943871911508608
1894-06-01,0.2231278630774417
1894-07-01,-0.13898498120747024
1894-08-01,-0.25098562605407687
1894-09-01,-0.1683046634386552
1894-10-01,0.3069306557283702
1894-11-01,0.6143761523510579
1894-12-01,0.03617239476084975
1895-01-01,0.5257255451820374
1895-02-01,0.36257622101713116
1895-03-01,0.3267079875035379
1895-04-01,-0.27728818737121536
1895-05-01,-0.5013143350734838
1895-06-01,-0.10340071703603022
1895-07-01,0.06607482713169036
1895-08-01,-0.3122016324086788
1895-09-01,-0.39271088135673454
1895-10-01,-0.3668195641628316
1895-11-01,-0.7723035645542132
1895-12-01,-0.2940972965341335
1896-01-01,0.1521837104474567
1896-02-01,0.5090716638524013
1896-03-01,-0.20967826063667838
1896-04-01,-0.39698093012136954
1896-05-01,-3.8007811322408087
1896-06-01,-2.715629357943991
1896-07-01,-2.052876525706639
1896-08-01,-1.84260179127512
1896-09-01,-1.7952497433452088
1896-10-01,-1.6020283006299498
1896-11-01,-1.0611951722428141
1896-12-01,-1.2849063704191908
1897-01-01,-1.0514510903637917
1897-02-01,-0.44314871457664634
1897-03-01,-1.136163598333481
1897-04-01,-1.0552910152470132
1897-05-01,-1.3453639808604354
1897-06-01,0.38639215313422404
1897-07-01,-0.13898498120747024
1897-08-01,0.3611744374924996
1897-09-01,6.378008320045748e-14
1897-10-01,0.3069306557283702
1897-11-01,-0.7145252430165456
1897-12-01,0.9798000841751796
1898-01-01,0.6502394900935328
1898-02-01,0.6189432459788122
1898-03-01,2.0821538905080383
1898-04-01,1.03933198288014
1898-05-01,0.11253995277167496
1898-06-01,0.1414957180490505
1898-07-01,0.7496075215956626
1898-08-01,0.48360645020184273
1898-09-01,0.28050777239775865
1898-10-01,0.08234724909792704
1898-11-01,-0.2522986707147447
1898-12-01,-0.011008989709877475
1899-01-01,1.1897999180434564
1899-02-01,0.8386864102316758
1899-03-01,1.594530028562347
1899-04-01,0.5605610118796595
1899-05-01,-0.4245825490927408
1899-06-01,-0.6748257322346757
1899-07-01,-0.4807513284394564
1899-08-01,-0.6794976705366387
1899-09-01,-0.1683046634385914
1899-10-01,0.6999516173315181
1899-11-01,1.3654943323414597
1899-12-01,-0.24691591206345995
1900-01-01,-0.594899959021563
1900-02-01,-0.3699009931590529
1900-03-01,-1.9163617774465986
1900-04-01,-1.1151373866220902
1900-05-01,-0.4245825490927408
1900-06-01,2.9986207940420924
1900-07-01,1.1597271382740615
1900-08-01,1.0345505073937478
1900-09-01,-1.5708435254270656
1900-10-01,-1.4335907456571813
1900-11-01,-0.5411902784033457
1900-12-01,-0.48282283441704243
1901-01-01,0.02766976553596127
1901-02-01,0.3625762210171728
1901-03-01,1.2044309390058159
1901-04-01,0.5605610118797275
1901-05-01,0.26600352473298644
1901-06-01,2.3455636338150554
1901-07-01,1.6382000243987955
1901-08-01,1.2181985264576927
1901-09-01,-1.514741970947514
1901-10-01,-1.882757558918004
1901-11-01,-0.7723035645542132
1901-12-01,-0.15255314312200552
1902-01-01,1.5218371044741423
1902-02-01,-0.04028624677973676
1902-03-01,1.3994804837840813
1902-04-01,0.7999464973798998
1902-05-01,1.0333213845393694
1902-06-01,0.6312885882193048
1902-07-01,0.27113463547092864
1902-08-01,-0.5570656578273651
1902-09-01,-1.6830466343861692
1902-10-01,-0.535257119135664
1902-11-01,-0.31007699225241236
1902-12-01,-0.24691591206345995
1903-01-01,-0.7609185522369533
1903-02-01,-0.6628918788295098
1903-03-01,1.935866731924353
1903-04-01,1.5181029538806885
1903-05-01,1.0333213845392821
1903-06-01,0.30476000810583287
1903-07-01,0.7496075215956626
1903-08-01,0.29995843113789766
1903-09-01,0.7854217627135328
1903-10-01,0.5315140623586857
1903-11-01,0.09437125851158948
1903-12-01,1.4987953133530718
1904-01-01,1.2728092146511514
1904-02-01,1.3880443208638138
1904-03-01,1.2044309390057604
1904-04-01,2.535491267256795
1904-05-01,1.186784956500681
1904-06-01,-0.34829715212120377
1904-07-01,-0.8225176756715202
1904-08-01,0.3611744374924996
1904-09-01,0.0
1904-10-01,0.2507848040707594
1904-11-01,-1.523421744544615
1904-12-01,0.27207931711443223
1905-01-01,-0.7609185522369533
1905-02-01,-1.1756259287528303
1905-03-01,-2.35522325319771
1905-04-01,-2.8506821564989173
1905-05-01,-3.3403904163570486
1905-06-01,-2.7972615029722894
1905-07-01,-2.121229795152974
1905-08-01,-0.434633645118022
1905-09-01,-0.6732186537544294
1905-10-01,-0.3668195641628316
1905-11-01,-1.5812000660822827
1905-12-01,-1.19054360147779
1906-01-01,-0.26286277259087715
1906-02-01,-0.44314871457664634
1906-03-01,-0.11215348824757335
1906-04-01,-0.3969809301213015
1906-05-01,0.41946709669421073
1906-06-01,-0.021768572007731843
1906-07-01,0.8179607910420754
1906-08-01,1.7691425836496673
1906-09-01,1.6830466343861692
1906-10-01,0.9806808756195721
1906-11-01,1.8854992261808625
1906-12-01,0.46080485499734114
1907-01-01,0.4842208968781898
1907-02-01,0.2527046388907202
1907-03-01,0.3267079875035379
1907-04-01,0.5605610118797275
1907-05-01,1.2635167424812495
1907-06-01,1.2027136034179502
1907-07-01,-0.34404478954670853
1907-08-01,-0.49584965147269355
1907-09-01,0.0
1907-10-01,0.1946389524131486
1907-11-01,-0.19452034917701141
1907-12-01,0.8382559307630516
1908-01-01,-0.8854324971484486
1908-02-01,0.7288148281052649
1908-03-01,0.37547037369811814
1908-04-01,1.4582565825056115
1908-05-01,0.1892717387523307
1908-06-01,0.1414957180490505
1908-07-01,0.33948790491734143
1908-08-01,0.789686481975131
1908-09-01,1.6269450799066811
1908-10-01,0.8683891723042866
1908-11-01,0.20992790158699043
1908-12-01,-0.48282283441704243
1909-01-01,-0.17985347598318205
1909-02-01,-0.11353396819733018
1909-03-01,0.3267079875035933
1909-04-01,-0.815905529746773
1909-05-01,0.49619888267486645
1909-06-01,2.6720922139286203
1909-07-01,1.2280804077203966
1909-08-01,1.2181985264577624
1909-09-01,0.05610155447955173
1909-10-01,0.5315140623587495
1909-11-01,0.7877111169641923
1909-12-01,0.46080485499734114
1910-01-01,0.5257255451820374
1910-02-01,1.3147965994461788
1910-03-01,1.4970052561732419
1910-04-01,0.6204073832547365
1910-05-01,0.34273531071355495
1910-06-01,2.5904600689002293
1910-07-01,2.2533794494164328
1910-08-01,1.2181985264577624
1910-09-01,1.4025388619884742
1910-10-01,1.0929725789347298
1910-11-01,1.7121642615677282
1910-12-01,1.4987953133530718
1911-01-01,0.31820230366284685
1911-02-01,0.25270463889076183
1911-03-01,0.6680446908655441
1911-04-01,0.38102189775449635
1911-05-01,-0.5013143350733965
1911-06-01,-0.8380900222913652
1911-07-01,-1.2326372923498414
1911-08-01,-0.8631456896006533
1911-09-01,-0.8415233171930846
1911-10-01,-0.9282780807388119
1911-11-01,-0.6567469214787466
1911-12-01,-0.10537175865127828
1912-01-01,-0.8024232005408007
1912-02-01,-1.212249789461648
1912-03-01,-0.45349019160957954
1912-04-01,-1.2946765007473215
1912-05-01,-0.9617050509572438
1912-06-01,-0.2666650070928126
1912-07-01,0.06607482713169036
1912-08-01,-0.434633645118022
1912-09-01,-0.3927108813567983
1912-10-01,-0.5914029707932748
1912-11-01,0.20992790158705613
1912-12-01,-0.7187297567706249
1913-01-01,-0.26286277259092433
1913-02-01,-0.2600294110326003
1913-03-01,0.4729951460872786
1913-04-01,-0.2174418159961383
1913-05-01,-0.5013143350733965
1913-06-01,-0.021768572007731843
1913-07-01,-0.07063171176105748
1913-08-01,-0.434633645118022
1913-09-01,-0.8976248716726363
1913-10-01,-0.7036946741084326
1913-11-01,-1.0611951722428798
1913-12-01,-0.6243669878291704
1914-01-01,-0.4288813658062673
1914-02-01,0.28932849959953777
1914-03-01,1.2044309390058159
1914-04-01,-0.815905529746773
1914-05-01,0.26600352473289923
1914-06-01,-1.3278828924616195
1914-07-01,-1.7794634479210658
1914-08-01,-1.3528737404378868
1914-09-01,-1.1781326440703312
1914-10-01,-0.6475488224508218
1914-11-01,-1.0611951722428141
1914-12-01,-0.10537175865127828
1915-01-01,-1.8400394081367533
1915-02-01,-0.04028624677973676
1915-03-01,-1.4775003016954873
1915-04-01,-1.0552910152470811
1915-05-01,-0.884973264976588
1915-06-01,1.039449313361168
1915-07-01,1.5698467549524604
1915-08-01,0.973334501039076
1915-09-01,0.6732186537544932
1915-10-01,0.36307650738598096
1915-11-01,-1.2923084583936817
1915-12-01,0.9326186997044524
1916-01-01,0.5257255451820374
1916-02-01,-0.15015782890618934
1916-03-01,-0.2096782606367338
1916-04-01,0.20148278362933317
1916-05-01,0.9565895985587137
1916-06-01,1.2843457484462486
1916-07-01,2.800205604987579
1916-08-01,1.8303585900042691
1916-09-01,0.3927108813567983
1916-10-01,0.6999516173315181
1916-11-01,0.8454894385019912
1916-12-01,1.4516139288823446
1917-01-01,0.4842208968781898
1917-02-01,0.9119341316493109
1917-03-01,1.9846291181189333
1917-04-01,1.817334810756006
1917-05-01,2.414493532190824
1917-06-01,2.508827923871838
1917-07-01,3.0736186827732306
1917-08-01,3.605622774289397
1917-09-01,2.748976169497397
1917-10-01,1.5421393921955522
1917-11-01,1.8277209046431948
1917-12-01,2.112153311472365
1918-01-01,1.3143138629549518
1918-02-01,1.4246681815726314
1918-03-01,0.18042082891985262
1918-04-01,1.4582565825056115
1918-05-01,1.2635167424813367
1918-06-01,-0.10340071703603022
1918-07-01,-1.3693438312425892
1918-08-01,-0.12855361334473372
1918-09-01,-0.7854217627135328
1918-10-01,-0.3106737125052847
1918-11-01,0.09437125851158948
1918-12-01,-0.7187297567706249
1919-01-01,-1.2589743318830293
1919-02-01,-0.7361396002471033
1919-03-01,-0.7948268949715304
1919-04-01,0.021943669504101943
1919-05-01,-0.4245825490927408
1919-06-01,-0.6748257322346757
1919-07-01,-0.8225176756715202
1919-08-01,-0.37341763876335043
1919-09-01,-0.5610155447953897
1919-10-01,-0.8159863774236541
1919-11-01,-1.0034168507050807
1919-12-01,-0.8130925257120794
1920-01-01,0.19368835875130425
1920-02-01,-0.003662386070919226
1920-03-01,-0.014628715858412876
1920-04-01,0.26132915500441023
1920-05-01,0.03580816679110644
1920-06-01,1.039449313361168
1920-07-01,1.0913738688276486
1920-08-01,0.789686481975131
1920-09-01,0.44881243583628627
1920-10-01,-0.25452786084767387
1920-11-01,-0.02118538456387715
1920-12-01,0.9326186997044524
1921-01-01,0.9822766765242187
1921-02-01,0.6555671066876297
1921-03-01,1.1556685528112356
1921-04-01,-0.27728818737121536
1921-05-01,0.49619888267486645
1921-06-01,2.5904600689002293
1921-07-01,0.40784117436367645
1921-08-01,-0.37341763876342
1921-09-01,0.44881243583635005
1921-10-01,1.036826727277119
1921-11-01,0.7299327954265246
1921-12-01,0.7910745462923244
1922-01-01,0.7332487867012278
1922-02-01,0.8386864102316758
1922-03-01,0.8630942356438096
1922-04-01,-0.15759544462106123
1922-05-01,-0.1943871911508608
1922-06-01,0.9578171683327767
1922-07-01,0.3394879049172637
1922-08-01,0.17752641842855452
1922-09-01,0.44881243583635005
1922-10-01,0.6999516173315181
1922-11-01,0.7299327954265246
1922-12-01,1.1213442375873077
1923-01-01,0.5257255451820374
1923-02-01,0.47244780314358376
1923-03-01,1.1556685528112356
1923-04-01,0.8597928687549768
1923-05-01,0.49619888267486645
1923-06-01,0.46802429816252245
1923-07-01,-1.095930753457016
1923-08-01,-1.4753057531472298
1923-09-01,-1.4025388619884742
1923-10-01,-0.4229654158204424
1923-11-01,-1.1189734937805473
1923-12-01,0.224897932643705
1924-01-01,-0.4288813658062673
1924-02-01,0.21608077818194432
1924-03-01,0.5705199184763836
1924-04-01,-0.87575190112185
1924-05-01,1.416980314442561
1924-06-01,1.2027136034178574
1924-07-01,0.8863140604884104
1924-08-01,1.279414532812434
1924-09-01,0.7293202082340449
1924-10-01,0.8683891723043504
1924-11-01,1.0188244031150597
1924-12-01,0.5079862394680147
1925-01-01,0.5257255451820374
1925-02-01,1.2049250173197679
1925-03-01,1.6920548009514518
1925-04-01,1.2787174683804483
1925-05-01,0.1892717387523307
1925-06-01,-0.10340071703612302
1925-07-01,-1.300990561796254
1925-08-01,-0.7407136768913102
1925-09-01,-0.6171170992748777
1925-10-01,-1.0405697840540336
1925-11-01,-0.8300818860919466
1925-12-01,-0.6243669878291704
1926-01-01,-0.4288813658062201
1926-02-01,-0.9925066252087844
1926-03-01,-0.8435892811661105
1926-04-01,-0.27728818737121536
1926-05-01,0.035808166791019204
1926-06-01,-0.34829715212111095
1926-07-01,-0.0022784423146447095
1926-08-01,-0.434633645118022
1926-09-01,0.11220310895910346
1926-10-01,0.5315140623587495
1926-11-01,0.09437125851158948
1926-12-01,0.6023490084094691
1927-01-01,0.4842208968781898
1927-02-01,0.21608077818194432
1927-03-01,1.9846291181189333
1927-04-01,0.7401001260048907
1927-05-01,0.8798578125781452
1927-06-01,1.2027136034179502
1927-07-01,0.7496075215956626
1927-08-01,-0.1897696196994053
1927-09-01,-0.05610155447955173
1927-10-01,-0.25452786084767387
1927-11-01,-0.7145252430164799
1927-12-01,0.7438931618215971
1928-01-01,-0.8439278488446483
1928-02-01,0.9485579923581284
1928-03-01,1.594530028562347
1928-04-01,1.0991783542552171
1928-05-01,0.03580816679110644
1928-06-01,-0.4299292971495021
1928-07-01,0.06607482713169036
1928-08-01,1.2181985264576927
1928-09-01,0.7293202082340449
1928-10-01,0.9806808756195082
1928-11-01,0.20992790158699043
1928-12-01,1.1213442375873612
1929-01-01,1.4388278078664474
1929-02-01,1.5345397636990423
1929-03-01,0.8143318494492294
1929-04-01,0.5605610118796595
1929-05-01,-0.884973264976588
1929-06-01,0.46802429816252245
1929-07-01,0.27113463547092864
1929-08-01,0.29995843113782805
1929-09-01,-0.05610155447955173
1929-10-01,0.8683891723043504
1929-11-01,0.9610460815773921
1929-12-01,0.555167623938742
1930-01-01,1.1482952697395616
1930-02-01,0.7288148281052649
1930-03-01,0.5217575322818034
1930-04-01,-0.03790270187097513
1930-05-01,0.49619888267486645
1930-06-01,-0.1850328620644214
1930-07-01,-0.34404478954670853
1930-08-01,0.11631041207388294
1930-09-01,-0.6732186537544932
1930-10-01,0.4753682107011387
1930-11-01,0.1521495800493228
1930-12-01,-0.10537175865127828
1931-01-01,0.6502394900935328
1931-02-01,-1.0291304859176018
1931-03-01,0.8630942356438096
1931-04-01,0.8597928687549768
1931-05-01,1.5704438864037853
1931-06-01,2.263931488786757
1931-07-01,1.0913738688276486
1931-08-01,0.29995843113789766
1931-09-01,0.44881243583628627
1931-10-01,-1.0405697840540336
1931-11-01,-0.425633635327879
1931-12-01,0.46080485499734114
1932-01-01,0.19368835875135143
1932-02-01,-0.15015782890618934
1932-03-01,0.13165844272527238
1932-04-01,0.08179004087911097
1932-05-01,0.5729306686555222
1932-06-01,-0.10340071703603022
1932-07-01,-0.4123980589930436
1932-08-01,-0.37341763876335043
1932-09-01,-0.8415233171930846
1932-10-01,-0.25452786084767387
1932-11-01,-0.4256336353279447
1932-12-01,0.31926070158515946
1933-01-01,-0.9269371454522962
1933-02-01,0.5090716638524013
1933-03-01,0.18042082891985262
1933-04-01,0.5007146405045825
1933-05-01,0.879857812578058
1933-06-01,-0.02176857200763904
1933-07-01,0.47619444381008924
1933-08-01,0.23874242478315646
1933-09-01,0.1683046634386552
1933-10-01,0.4753682107011387
1933-11-01,0.6143761523510579
1933-12-01,0.7910745462923244
1934-01-01,0.6087348417897325
1934-02-01,0.14283305676430927
1934-03-01,0.37547037369811814
1934-04-01,0.6802537546298136
1934-05-01,-0.4245825490927408
1934-06-01,1.447610038503031
1934-07-01,0.40784117436367645
1934-08-01,-1.84260179127512
1934-09-01,-0.6171170992749414
1934-10-01,0.5315140623587495
1934-11-01,1.1343810461905264
1934-12-01,-0.19973452759273272
1935-01-01,0.6087348417897325
1935-02-01,-0.2234055503237828
1935-03-01,1.448242869978606
1935-04-01,0.4408682691295734
1935-05-01,-0.3478507631121723
1935-06-01,0.1414957180490505
1935-07-01,0.06607482713169036
1935-08-01,0.48360645020184273
1935-09-01,0.5610155447954535
1935-10-01,0.8122433206467397
1935-11-01,0.3254845446624571
1935-12-01,-0.3412786810049144
1936-01-01,-0.1383488276793817
1936-02-01,0.17945691747312678
1936-03-01,0.5217575322818034
1936-04-01,1.8771811821310829
1936-05-01,0.7263942406167465
1936-06-01,0.2231278630774417
1936-07-01,0.544547713256502
1936-08-01,-0.5570656578273651
1936-09-01,0.22440621791814314
1936-10-01,0.13849310075560164
1936-11-01,-1.234530136856014
1936-12-01,0.08335377923157697
1937-01-01,0.8577627316127233
1937-02-01,-0.2600294110326003
1937-03-01,0.9118566218383899
1937-04-01,0.38102189775449635
1937-05-01,0.26600352473298644
1937-06-01,0.7129207332476032
1937-07-01,-0.4807513284394564
1937-08-01,0.6060384629111859
1937-09-01,0.05610155447955173
1937-10-01,-0.08609030587484151
1937-11-01,-0.19452034917701141
1937-12-01,0.6495303928801964
1938-01-01,0.6917441383973804
1938-02-01,0.39920008172599036
1938-03-01,0.03413367033611192
1938-04-01,0.5007146405045825
1938-05-01,1.5704438864038723
1938-06-01,2.182299343758366
1938-07-01,2.048319641077272
1938-08-01,1.5242785582310505
1938-09-01,0.6732186537544932
1938-10-01,1.3175559855651091
1938-11-01,0.1521495800493228
1938-12-01,1.3100697754702166
1939-01-01,1.5218371044741423
1939-02-01,0.7288148281052649
1939-03-01,1.3994804837840813
1939-04-01,0.9196392401300539
1939-05-01,0.1892717387523307
1939-06-01,0.2231278630774417
1939-07-01,0.9546673299349009
1939-08-01,0.23874242478322608
1939-09-01,-0.8976248716726363
1939-10-01,-1.209007339026802
1939-11-01,-0.7145252430165456
1939-12-01,-0.7659111412413522
1940-01-01,0.02766976553600846
1940-02-01,-0.18678168961496525
1940-03-01,-0.5997773501932648
1940-04-01,-0.45682730149637857
1940-05-01,-1.1151686229185553
1940-06-01,-1.5727793275467004
1940-07-01,-1.5060503701354924
1940-08-01,-1.4753057531472298
1940-09-01,-1.8513512978248243
1940-10-01,-1.5458824489724028
1940-11-01,-0.598968599941079
1940-12-01,-2.7003479045406857
1941-01-01,-0.8024232005407536
1941-02-01,-1.0657543466264194
1941-03-01,-0.5997773501932648
1941-04-01,-0.5765200442465327
1941-05-01,-0.3478507631121723
1941-06-01,-1.0829864573765389
1941-07-01,-2.0528765257065613
1941-08-01,-1.536521759501832
1941-09-01,-0.7854217627135328
1941-10-01,-1.7143200039451714
1941-11-01,-0.8300818860919466
1941-12-01,-0.7659111412412984
1942-01-01,-1.0929557386676392
1942-02-01,-0.1501578289061477
1942-03-01,-0.16091587444215358
1942-04-01,-0.15759544462106123
1942-05-01,0.8031260265974894
1942-06-01,1.2027136034179502
1942-07-01,-0.002278442314722418
1942-08-01,0.6672544692657878
1942-09-01,0.7854217627135328
1942-10-01,0.9245350239618974
1942-11-01,-0.3678553137901457
1942-12-01,1.310069775470163
1943-01-01,0.8577627316127705
1943-02-01,0.9485579923581284
1943-03-01,0.7168070770601244
1943-04-01,1.2188710970053713
1943-05-01,0.5729306686555222
1943-06-01,-0.42992929714959494
1943-07-01,0.40784117436367645
1943-08-01,1.0345505073937478
1943-09-01,0.504913990315838
1943-10-01,0.9806808756195082
1943-11-01,0.3254845446624571
1943-12-01,-0.7659111412413522
1944-01-01,-0.6779092556293053
1944-02-01,0.43582394243476624
1944-03-01,0.8630942356438096
1944-04-01,-0.15759544462112926
1944-05-01,0.1892717387523307
1944-06-01,-0.021768572007731843
1944-07-01,-0.8225176756714425
1944-08-01,0.6060384629111859
1944-09-01,0.22440621791820692
1944-10-01,-0.6475488224508218
1944-11-01,-0.598968599941079
1944-12-01,0.4136234705266139
1945-01-01,0.4842208968781898
1945-02-01,0.6189432459788122
1945-03-01,1.545767642367822
1945-04-01,-0.27728818737121536
1945-05-01,0.26600352473298644
1945-06-01,1.2027136034179502
1945-07-01,0.47619444381008924
1945-08-01,1.4018465455217075
1945-09-01,0.7854217627135966
1945-10-01,0.3630765073859172
1945-11-01,-0.31007699225241236
1945-12-01,0.6495303928801427
1946-01-01,-0.17985347598318205
1946-02-01,0.47244780314358376
1946-03-01,0.18042082891985262
1946-04-01,-0.45682730149637857
1946-05-01,-0.8082414789960195
1946-06-01,-0.5931935872062845
1946-07-01,-0.9592242145641903
1946-08-01,-0.12855361334473372
1946-09-01,-1.5147419709475778
1946-10-01,-0.9844239323963588
1946-11-01,-0.1367420276393438
1946-12-01,-0.4828228344169888
1947-01-01,-0.38737671750241975
1947-02-01,-0.18678168961496525
1947-03-01,1.3994804837840813
1947-04-01,-0.0977490732460522
1947-05-01,-1.0384368369378996
1947-06-01,0.6312885882193048
1947-07-01,1.0913738688276486
1947-08-01,0.973334501039076
1947-09-01,1.0659295351112277
1947-10-01,-0.02994445421723072
1947-11-01,0.7877111169641923
1947-12-01,0.5079862394680147
1948-01-01,-0.22135812428702958
1948-02-01,-0.07691010748855429
1948-03-01,-0.014628715858468313
1948-04-01,0.4408682691295734
1948-05-01,0.649662454636178
1948-06-01,-0.10340071703612302
1948-07-01,0.20278136602451588
1948-08-01,-0.12855361334473372
1948-09-01,-0.7293202082340449
1948-10-01,0.6999516173315181
1948-11-01,0.3832628662001904
1948-12-01,-0.48282283441704243
1949-01-01,-0.594899959021563
1949-02-01,0.28932849959953777
1949-03-01,0.8630942356438096
1949-04-01,0.32117552637941926
1949-05-01,-0.27111897713151656
1949-06-01,-0.8380900222913652
1949-07-01,-0.07063171176105748
1949-08-01,-0.12855361334473372
1949-09-01,0.1683046634386552
1949-10-01,0.6438057656739711
1949-11-01,-0.5411902784033457
1949-12-01,0.7438931618215971
1950-01-01,0.4842208968781898
1950-02-01,1.4979159029902664
1950-03-01,1.935866731924353
1950-04-01,1.4582565825056115
1950-05-01,1.0333213845393694
1950-06-01,3.0802529390704834
1950-07-01,2.321732718862768
1950-08-01,1.4630625518763791
1950-09-01,0.6171170992749414
1950-10-01,1.7105769471683208
1950-11-01,1.0766027246527932
1950-12-01,2.159334695943092
1951-01-01,1.480332456170342
1951-02-01,0.8753102709404933
1951-03-01,0.22918321511443288
1951-04-01,0.14163641225425608
1951-05-01,-0.34785076311208507
1951-06-01,0.8761850233043855
1951-07-01,-0.7541644062250298
1951-08-01,0.23874242478315646
1951-09-01,-0.6732186537544294
1951-10-01,-0.5914029707932109
1951-11-01,-0.31007699225247803
1951-12-01,-0.24691591206345995
1952-01-01,-0.7609185522369533
1952-02-01,-0.47977257528546385
1952-03-01,0.37547037369811814
1952-04-01,-0.3969809301213015
1952-05-01,0.8798578125781452
1952-06-01,1.1210814583895592
1952-07-01,0.47619444381008924
1952-08-01,-0.06733760699006217
1952-09-01,-0.3366093268772466
1952-10-01,0.3069306557283702
1952-11-01,-0.07896370610161046
1952-12-01,-1.1433622170070628
1953-01-01,0.23519300705515178
1953-02-01,-0.33327713245019375
1953-03-01,-0.16091587444215358
1953-04-01,0.20148278362933317
1953-05-01,-2.8032679144925456
1953-06-01,0.1414957180490505
1953-07-01,-0.0022784423146447095
1953-08-01,-1.3528737404378868
1953-09-01,-1.2342341985498828
1953-10-01,0.13849310075560164
1953-11-01,-0.19452034917701141
1953-12-01,-0.3412786810049144
1954-01-01,0.5672301934858849
1954-02-01,-0.1501578289061477
1954-03-01,0.2779456013089577
1954-04-01,0.7401001260048227
1954-05-01,0.7263942406167465
1954-06-01,0.2231278630774417
1954-07-01,0.544547713256502
1954-08-01,1.279414532812434
1954-09-01,0.3927108813567983
1954-10-01,0.30693065572830636
1954-11-01,0.3254845446624571
1954-12-01,1.215707006528762
1955-01-01,-0.4288813658062201
1955-02-01,1.3147965994461788
1955-03-01,0.6192823046709639
1955-04-01,0.021943669504101943
1955-05-01,1.5704438864038723
1955-06-01,2.0190350537016766
1955-07-01,2.116672910523607
1955-08-01,1.7079265772949956
1955-09-01,1.2903357530294346
1955-10-01,1.5421393921955522
1955-11-01,1.3077160108036607
1955-12-01,0.8854373152337253
1956-01-01,1.0237813248281133
1956-02-01,1.0950534351933152
1956-03-01,1.2044309390058159
1956-04-01,1.0393319828802081
1956-05-01,2.0308346022876322
1956-06-01,1.6108743285598133
1956-07-01,1.433140216059635
1956-08-01,1.340630539167036
1956-09-01,0.0
1956-10-01,1.8228686504834786
1956-11-01,0.1521495800492571
1956-12-01,0.9798000841751796
1957-01-01,0.5257255451820374
1957-02-01,-0.04028624677973676
1957-03-01,0.2779456013090131
1957-04-01,0.32117552637941926
1957-05-01,-0.884973264976588
1957-06-01,0.1414957180490505
1957-07-01,0.20278136602451588
1957-08-01,-0.6182816641819671
1957-09-01,-1.009827980631676
1957-10-01,0.026201397440380074
1957-11-01,-1.0611951722428141
1957-12-01,-0.2940972965341872
1958-01-01,-1.4249929250983722
1958-02-01,-0.4065248538678288
1958-03-01,0.22918321511437742
1958-04-01,0.32117552637941926
1958-05-01,-0.5013143350733965
1958-06-01,0.3863921531341313
1958-07-01,0.33948790491734143
1958-08-01,1.0345505073937478
1958-09-01,-0.3366093268772466
1958-10-01,-0.02994445421723072
1958-11-01,-0.4256336353279447
1958-12-01,-0.5771856033584433
1959-01-01,-0.7194139039331057
1959-02-01,-0.9558827645000085
1959-03-01,1.1069061666166553
1959-04-01,0.5007146405046504
1959-05-01,0.5729306686555222
1959-06-01,-0.2666650070927198
1959-07-01,-0.4123980589930436
1959-08-01,-0.1897696196994053
1959-09-01,0.0
1959-10-01,0.5315140623587495
1959-11-01,0.9610460815773265
1959-12-01,0.7910745462923244
1960-01-01,0.06917441383980881
1960-02-01,-0.04028624677973676
1960-03-01,0.8630942356438096
1960-04-01,0.7999464973798998
1960-05-01,0.8031260265974022
1960-06-01,0.1414957180490505
1960-07-01,0.6129009827029148
1960-08-01,0.9121184946844741
1960-09-01,0.6171170992749414
1960-10-01,0.08234724909792704
1960-11-01,0.6143761523510579
1960-12-01,0.6495303928801427
1961-01-01,-0.17985347598322923
1961-02-01,0.6189432459788122
1961-03-01,-1.5262626878900676
1961-04-01,0.9196392401300539
1961-05-01,0.41946709669421073
1961-06-01,0.05986357302075214
1961-07-01,0.3394879049172637
1961-08-01,0.29995843113782805
1961-09-01,0.05610155447955173
1961-10-01,-0.31067371250522086
1961-11-01,0.6143761523510579
1961-12-01,1.310069775470163
1962-01-01,1.5218371044741423
1962-02-01,0.5456955245611772
1962-03-01,0.22918321511443288
1962-04-01,0.32117552637941926
1962-05-01,1.4937121004231295
1962-06-01,0.8761850233043855
1962-07-01,0.06607482713176806
1962-08-01,0.7284704756204594
1962-09-01,0.44881243583628627
1962-10-01,1.0929725789347298
1962-11-01,0.441041187737858
1962-12-01,0.08335377923157697
1963-01-01,0.8577627316127705
1963-02-01,0.3625762210171728
1963-03-01,1.009381394227495
1963-04-01,0.6802537546298136
1963-05-01,0.5729306686555222
1963-06-01,-0.5931935872062845
1963-07-01,-0.002278442314722418
1963-08-01,0.05509440571928097
1963-09-01,-0.504913990315838
1963-10-01,-1.0405697840540336
1963-11-01,-0.8300818860919466
1963-12-01,-1.048999448065662
1964-01-01,-0.3043674208947247
1964-02-01,0.10620919605549173
1964-03-01,1.1069061666166553
1964-04-01,1.2188710970053713
1964-05-01,0.5729306686555222
1964-06-01,1.1210814583895592
1964-07-01,0.8179607910420754
1964-08-01,1.6467105709403242
1964-09-01,1.2903357530294346
1964-10-01,1.3175559855651091
1964-11-01,0.20992790158705613
1964-12-01,-0.24691591206345995
1965-01-01,-0.3043674208947247
1965-02-01,0.2527046388907202
1965-03-01,0.6192823046709639
1965-04-01,-0.6962127869966188
1965-05-01,0.26600352473298644
1965-06-01,-0.9197221673197564
1965-07-01,-2.2579363340458
1965-08-01,-0.8019296832459818
1965-09-01,-1.3464373075089227
1965-10-01,-0.872132229081201
1965-11-01,-1.5812000660822827
1965-12-01,0.17771654817297777
1966-01-01,-1.0099464420599913
1966-02-01,-0.18678168961500688
1966-03-01,-0.8923516673606908
1966-04-01,-0.27728818737121536
1966-05-01,-0.5780461210540523
1966-06-01,0.46802429816261526
1966-07-01,-0.0022784423146447095
1966-08-01,0.6672544692657878
1966-09-01,-0.22440621791814314
1966-10-01,-0.08609030587484151
1966-11-01,-0.02118538456387715
1966-12-01,-0.3412786810049144
1967-01-01,1.3143138629549518
1967-02-01,1.1316772959021328
1967-03-01,1.058143780422075
1967-04-01,0.021943669504101943
1967-05-01,-0.04092361918963654
1967-06-01,1.039449313361168
1967-07-01,0.27113463547092864
1967-08-01,0.8509024883298025
1967-09-01,0.44881243583635005
1967-10-01,0.13849310075560164
1967-11-01,-0.3678553137901457
1967-12-01,-0.4828228344169888
1968-01-01,0.40121160027049474
1968-02-01,0.8753102709404933
1968-03-01,0.08289605653069215
1968-04-01,0.021943669504101943
1968-05-01,1.7239074583650966
1968-06-01,1.6108743285597205
1968-07-01,0.8863140604884104
1968-08-01,0.29995843113782805
1968-09-01,-0.28050777239769487
1968-10-01,-0.02994445421723072
1968-11-01,-0.31007699225241236
1968-12-01,0.224897932643705
1969-01-01,-1.1344603869714867
1969-02-01,-0.4065248538678288
1969-03-01,0.5217575322818588
1969-04-01,-0.3969809301213015
1969-05-01,-0.3478507631121723
1969-06-01,0.30476000810574005
1969-07-01,-0.6174578673322819
1969-08-01,-0.12855361334473372
1969-09-01,-1.009827980631676
1969-10-01,-0.9282780807388119
1969-11-01,-0.02118538456387715
1969-12-01,0.3664420860558867
1970-01-01,-0.8439278488446483
1970-02-01,-0.6995157395383274
1970-03-01,0.5217575322818034
1970-04-01,-0.0977490732460522
1970-05-01,0.49619888267486645
1970-06-01,1.3659778934746398
1970-07-01,-0.4807513284394564
1970-08-01,0.6672544692657878
1970-09-01,1.1781326440703312
1970-10-01,1.092972578934666
1970-11-01,1.7121642615677282
1970-12-01,1.6403394667652536
1971-01-01,0.2766976553589993
1971-02-01,1.3514204601549964
1971-03-01,2.0821538905080383
1971-04-01,1.8771811821310829
1971-05-01,1.186784956500681
1971-06-01,0.6312885882193048
1971-07-01,0.27113463547092864
1971-08-01,1.7079265772949956
1971-09-01,1.458640416468026
1971-10-01,1.7667227988258678
1971-11-01,0.6143761523510579
1971-12-01,0.22489793264375865
1972-01-01,0.3597069519666944
1972-02-01,0.7654386888140408
1972-03-01,0.5705199184763836
1972-04-01,-0.15759544462112926
1972-05-01,-1.2686321948797796
1972-06-01,-0.8380900222913652
1972-07-01,-1.847816717367401
1972-08-01,-0.5570656578272956
1972-09-01,-1.4025388619884742
1972-10-01,-0.872132229081201
1972-11-01,-0.31007699225241236
1972-12-01,-1.0961808325363354
1973-01-01,-0.22135812428702958
1973-02-01,-0.9192589037911493
1973-03-01,0.4242327598926984
1973-04-01,0.08179004087917902
1973-05-01,0.5729306686555222
1973-06-01,1.6108743285598133
1973-07-01,0.7496075215956626
1973-08-01,1.4630625518763791
1973-09-01,1.2342341985498828
1973-10-01,1.036826727277119
1973-11-01,2.752174049246731
1973-12-01,1.5931580822944726
1974-01-01,1.8538742909048282
1974-02-01,1.3880443208638138
1974-03-01,2.179678662897199
1974-04-01,1.0393319828802081
1974-05-01,1.3402485284619052
1974-06-01,0.6312885882193048
1974-07-01,1.364786946613222
1974-08-01,0.9121184946844045
1974-09-01,1.1220310895907795
1974-10-01,0.9245350239618974
1974-11-01,-0.1367420276392781
1974-12-01,-0.0581903741806047
1975-01-01,-0.38737671750241975
1975-02-01,0.5456955245612188
1975-03-01,1.3994804837840813
1975-04-01,1.2787174683804483
1975-05-01,0.879857812578058
1975-06-01,1.9374029086732854
1975-07-01,2.3217327188628456
1975-08-01,2.25887063448697
1975-09-01,2.0757575157429673
1975-10-01,1.7667227988259315
1975-11-01,1.1921593677282598
1975-12-01,1.8290650046480552
1976-01-01,1.0652859731319138
1976-02-01,1.1316772959021744
1976-03-01,1.5457676423677666
1976-04-01,0.32117552637941926
1976-05-01,0.49619888267486645
1976-06-01,0.38639215313422404
1976-07-01,-1.2326372923498414
1976-08-01,-0.8631456896006533
1976-09-01,-1.234234198549819
1976-10-01,0.41922235904352795
1976-11-01,0.8454894385019256
1976-12-01,-0.24691591206345995
1977-01-01,-0.3043674208947247
1977-02-01,0.7288148281052232
1977-03-01,-0.5022525778041598
1977-04-01,-0.45682730149637857
1977-05-01,-0.8082414789959323
1977-06-01,-1.4095150374900107
1977-07-01,-1.4376971006890797
1977-08-01,-0.8631456896006533
1977-09-01,-0.8976248716726363
1977-10-01,-1.0405697840539696
1977-11-01,-1.2923084583936817
1977-12-01,-0.9546366791242074
1978-01-01,-0.22135812428707677
1978-02-01,-1.7616077000937445
1978-03-01,-0.16091587444215358
1978-04-01,-0.33713455874629245
1978-05-01,1.8773710303264082
1978-06-01,0.9578171683327767
1978-07-01,0.7496075215956626
1978-08-01,0.42239044384717117
1978-09-01,0.05610155447955173
1978-10-01,-0.4229654158203786
1978-11-01,-0.19452034917701141
1978-12-01,-0.05819037418055106
1979-01-01,-0.3043674208947247
1979-02-01,0.6555671066876297
1979-03-01,0.08289605653069215
1979-04-01,-0.15759544462112926
1979-05-01,0.6496624546360907
1979-06-01,0.9578171683327767
1979-07-01,-0.7541644062251074
1979-08-01,-0.1897696196993357
1979-09-01,0.11220310895903968
1979-10-01,-0.08609030587484151
1979-11-01,-0.4256336353279447
1979-12-01,-0.6715483722998977
1980-01-01,0.31820230366284685
1980-02-01,0.21608077818194432
1980-03-01,-0.4047278054149993
1980-04-01,-0.6962127869966869
1980-05-01,-0.04092361918954931
1980-06-01,-0.10340071703603022
1980-07-01,-0.07063171176113518
1980-08-01,0.42239044384717117
1980-09-01,-0.504913990315838
1980-10-01,-0.02994445421729455
1980-11-01,-0.31007699225247803
1980-12-01,-0.05819037418055106
1981-01-01,0.2766976553589993
1981-02-01,-0.11353396819737183
1981-03-01,-1.1361635983335365
1981-04-01,-0.15759544462106123
1981-05-01,1.0333213845393694
1981-06-01,1.5292421835314223
1981-07-01,1.0913738688276486
1981-08-01,0.8509024883298025
1981-09-01,0.6732186537544294
1981-10-01,-0.31067371250522086
1981-11-01,0.20992790158705613
1981-12-01,0.46080485499728746
1982-01-01,0.8577627316127233
1982-02-01,0.17945691747312678
1982-03-01,0.5705199184763836
1982-04-01,-0.03790270187097513
1982-05-01,-0.5013143350733965
1982-06-01,-1.6544114725750914
1982-07-01,-1.9161699868138136
1982-08-01,-1.9650338039844633
1982-09-01,-2.019655961263352
1982-10-01,-1.7143200039451714
1982-11-01,-2.736766496836752
1982-12-01,-1.9454457530092109
1983-01-01,-2.6286277259096678
1983-02-01,-2.4574610535611527
1983-03-01,-2.1601737084195
1983-04-01,-0.9954446438720042
1983-05-01,0.879857812578058
1983-06-01,0.05986357302075214
1983-07-01,-0.6858111367786169
1983-08-01,0.29995843113782805
1983-09-01,0.8976248716726363
1983-10-01,0.5315140623587495
1983-11-01,-0.07896370610161046
1983-12-01,0.03617239476084975
1984-01-01,0.1521837104474567
1984-02-01,0.5823193852700363
1984-03-01,-0.16091587444215358
1984-04-01,0.38102189775449635
1984-05-01,0.26600352473298644
1984-06-01,-0.5115614421779862
1984-07-01,0.3394879049172637
1984-08-01,0.5448224565565143
1984-09-01,0.1683046634385914
1984-10-01,-0.31067371250522086
1984-11-01,0.3254845446624571
1984-12-01,-0.10537175865133193
1985-01-01,-0.26286277259092433
1985-02-01,0.6555671066876297
1985-03-01,0.18042082891985262
1985-04-01,1.2787174683804483
1985-05-01,0.5729306686555222
1985-06-01,-0.5931935872062845
1985-07-01,-0.13898498120747024
1985-08-01,1.0957665137484192
1985-09-01,0.0
1985-10-01,-0.3668195641628316
1985-11-01,-0.1367420276392781
1985-12-01,0.224897932643705
1986-01-01,0.7332487867011807
1986-02-01,-0.6995157395382857
1986-03-01,0.4242327598926984
1986-04-01,0.32117552637941926
1986-05-01,-0.3478507631121723
1986-06-01,1.447610038503031
1986-07-01,0.33948790491734143
1986-08-01,-0.434633645118022
1986-09-01,-0.504913990315838
1986-10-01,0.6999516173315181
1986-11-01,-1.2345301368559485
1986-12-01,-1.237724985948517
1987-01-01,-0.5118906624139151
1987-02-01,-0.8460111823735559
1987-03-01,-1.1361635983335365
1987-04-01,-1.5340619862475617
1987-05-01,-1.8057546967442826
1987-06-01,-1.6544114725751842
1987-07-01,-1.847816717367401
1987-08-01,-1.0467937086645984
1987-09-01,-1.0659295351112277
1987-10-01,-0.3668195641628316
1987-11-01,-0.1367420276392781
1987-12-01,-0.388460065475588
1988-01-01,-0.05533953107168662
1988-02-01,-0.2600294110326003
1988-03-01,0.5705199184764391
1988-04-01,0.14163641225418805
1988-05-01,1.2635167424813367
1988-06-01,-0.02176857200763904
1988-07-01,1.296433677166887
1988-08-01,1.7079265772949956
1988-09-01,1.8513512978247606
1988-10-01,1.4859935405378777
1988-11-01,1.8277209046431948
1988-12-01,1.026981468645907
1989-01-01,1.1897999180434564
1989-02-01,0.8386864102316758
1989-03-01,0.9606190080329701
1989-04-01,1.7574884393809287
1989-05-01,1.7239074583650966
1989-06-01,1.1210814583895592
1989-07-01,1.0913738688276486
1989-08-01,-0.3122016324086788
1989-09-01,0.504913990315838
1989-10-01,0.8122433206467397
1989-11-01,-0.1945203491770771
1989-12-01,-0.4356414499463152
1990-01-01,-0.05533953107168662
1990-02-01,-1.212249789461648
1990-03-01,-0.4047278054149439
1990-04-01,0.2014827836292651
1990-05-01,1.5704438864038723
1990-06-01,0.46802429816261526
1990-07-01,0.6812542521493276
1990-08-01,-0.1897696196994053
1990-09-01,-0.7293202082339811
1990-10-01,0.3069306557283702
1990-11-01,-0.48341195686561234
1990-12-01,-0.19973452759273272
1991-01-01,0.4842208968781898
1991-02-01,0.17945691747312678
1991-03-01,-0.5997773501932648
1991-04-01,-0.6962127869966188
1991-05-01,-1.5755593388024025
1991-06-01,-0.1850328620644214
1991-07-01,-0.07063171176105748
1991-08-01,-0.434633645118022
1991-09-01,-1.5708435254270656
1991-10-01,-1.0405697840540336
1991-11-01,-0.6567469214788123
1991-12-01,-1.520813292772773
1992-01-01,-2.1720765945674394
1992-02-01,-0.5896441574119164
1992-03-01,-1.8188370050574936
1992-04-01,-1.1151373866220902
1992-05-01,0.34273531071355495
1992-06-01,-0.9197221673197564
1992-07-01,-0.6174578673322819
1992-08-01,0.4223904438472408
1992-09-01,0.05610155447955173
1992-10-01,-1.4335907456572452
1992-11-01,-0.6567469214788123
1992-12-01,-0.4828228344169888
1993-01-01,-0.6779092556292581
1993-02-01,-0.47977257528546385
1993-03-01,-0.4047278054149993
1993-04-01,-1.2946765007472534
1993-05-01,-0.5013143350733965
1993-06-01,-1.2462507474332283
1993-07-01,-1.0275774840106808
1993-08-01,-1.169225721373872
1993-09-01,-0.7293202082339811
1993-10-01,-1.0967156357115804
1993-11-01,0.03659293697385617
1993-12-01,0.17771654817297777
1994-01-01,-0.09684417937558135
1994-02-01,0.17945691747312678
1994-03-01,-0.5997773501932648
1994-04-01,-1.4143692434974076
1994-05-01,-0.9617050509572438
1994-06-01,-0.6748257322346757
1994-07-01,-1.7794634479210658
1994-08-01,-1.3528737404378868
1994-09-01,-1.6269450799066174
1994-10-01,-1.1528614873691911
1994-11-01,-0.6567469214787466
1994-12-01,-1.0489994480656082
1995-01-01,-0.3043674208947247
1995-02-01,-0.07691010748855429
1995-03-01,0.6680446908654887
1995-04-01,-0.9355982724969271
1995-05-01,-0.5780461210540523
1995-06-01,0.2231278630774417
1995-07-01,0.5445477132564243
1995-08-01,0.3611744374924996
1995-09-01,0.28050777239769487
1995-10-01,0.026201397440316243
1995-11-01,0.09437125851158948
1995-12-01,-0.48282283441704243
1996-01-01,0.7747534350050282
1996-02-01,0.2160807781819027
1996-03-01,0.9118566218383899
1996-04-01,0.7999464973798998
1996-05-01,0.41946709669421073
1996-06-01,1.774138618616503
1996-07-01,0.8179607910420754
1996-08-01,0.7284704756204594
1996-09-01,0.6171170992749414
1996-10-01,0.5315140623587495
1996-11-01,-0.02118538456387715
1996-12-01,0.69671177735087
1997-01-01,0.4012116002705419
1997-02-01,1.168301156610992
1997-03-01,-0.4047278054149993
1997-04-01,-0.9355982724969271
1997-05-01,-1.882486482724851
1997-06-01,-2.0625721977170475
1997-07-01,-0.8908709451178553
1997-08-01,-1.5977377658565033
1997-09-01,-1.4025388619884742
1997-10-01,-1.489736597314792
1997-11-01,-1.350086779931415
1997-12-01,-0.8130925257120794
1998-01-01,-2.006058001352096
1998-02-01,-1.3587452322968765
1998-03-01,-2.2089360946140246
1998-04-01,-1.5340619862475617
1998-05-01,0.3427353107136422
1998-06-01,1.3659778934746398
1998-07-01,1.6382000243988732
1998-08-01,1.2181985264577624
1998-09-01,1.009827980631676
1998-10-01,1.1491184305922768
1998-11-01,1.076602724652859
1998-12-01,1.2628883909994895
1999-01-01,1.397323159562647
1999-02-01,0.8020625495228583
1999-03-01,1.1556685528112356
1999-04-01,1.5779493252557657
1999-05-01,0.41946709669421073
1999-06-01,0.46802429816252245
1999-07-01,0.6129009827028371
1999-08-01,0.48360645020184273
1999-09-01,-0.05610155447948795
1999-10-01,0.9806808756195082
1999-11-01,1.1343810461905264
1999-12-01,1.215707006528762
2000-01-01,0.4842208968781898
2000-02-01,1.1316772959021328
2000-03-01,1.2044309390058159
2000-04-01,1.4582565825056795
2000-05-01,0.649662454636178
2000-06-01,-0.1850328620644214
2000-07-01,-0.2756915201002958
2000-08-01,0.789686481975131
2000-09-01,0.8976248716726363
2000-10-01,1.036826727277119
2000-11-01,1.9432775477185957
2000-12-01,0.7438931618215971
2001-01-01,0.8162580833088757
2001-02-01,1.0584295744845393
2001-03-01,0.9606190080329147
2001-04-01,0.2613291550043422
2001-05-01,-0.5780461210540523
2001-06-01,0.5496564431909137
2001-07-01,-0.207338250653883
2001-08-01,-0.5570656578272956
2001-09-01,0.11220310895910346
2001-10-01,-0.02994445421723072
2001-11-01,0.6143761523510579
2001-12-01,-0.8130925257120257
2002-01-01,0.2766976553589993
2002-02-01,0.7288148281052649
2002-03-01,-0.11215348824757335
2002-04-01,-0.03790270187097513
2002-05-01,-1.115168622918468
2002-06-01,-0.2666650070928126
2002-07-01,-0.6858111367786947
2002-08-01,-1.10800971501927
2002-09-01,-0.7293202082340449
2002-10-01,-0.5352571191356001
2002-11-01,-0.5411902784033457
2002-12-01,-0.9546366791242074
2003-01-01,-0.1383488276793817
2003-02-01,-0.44314871457664634
2003-03-01,-0.2584406468312586
2003-04-01,-0.15759544462106123
2003-05-01,-0.4245825490927408
2003-06-01,-0.8380900222913652
2003-07-01,0.40784117436375417
2003-08-01,0.11631041207388294
2003-09-01,-0.22440621791814314
2003-10-01,-0.02994445421723072
2003-11-01,-0.31007699225247803
2003-12-01,0.9326186997044524
2004-01-01,-0.9684417937561437
2004-02-01,0.8020625495228583
2004-03-01,0.37547037369811814
2004-04-01,-0.87575190112185
2004-05-01,1.5704438864038723
2004-06-01,-1.082986457376446
2004-07-01,-0.6174578673322819
2004-08-01,-0.434633645118022
2004-09-01,-0.28050777239769487
2004-10-01,-0.19838200919006307
2004-11-01,-0.8300818860919466
2004-12-01,-0.7187297567706249
2005-01-01,0.19368835875130425
2005-02-01,-2.127846307181878
2005-03-01,0.37547037369811814
2005-04-01,-0.5765200442465327
2005-05-01,-1.1151686229185553
2005-06-01,0.6312885882193048
2005-07-01,0.20278136602443816
2005-08-01,-0.37341763876335043
2005-09-01,0.3366093268772466
2005-10-01,1.1491184305922768
2005-11-01,-0.2522986707147447
2005-12-01,0.08335377923152333
2006-01-01,1.148295269739609
2006-02-01,0.14283305676430927
2006-03-01,1.594530028562347
2006-04-01,1.3385638397555253
2006-05-01,-0.6547779070347081
2006-06-01,-0.1850328620644214
2006-07-01,-0.8225176756714425
2006-08-01,-1.2304417277286133
2006-09-01,-0.504913990315838
2006-10-01,-1.2651531906844127
2006-11-01,-0.1367420276393438
2006-12-01,-0.24691591206340632
2007-01-01,-0.5948999590216102
2007-02-01,-0.07691010748855429
2007-03-01,0.22918321511437742
2007-04-01,0.021943669504101943
2007-05-01,0.035808166791019204
2007-06-01,0.8761850233044783
2007-07-01,-0.34404478954670853
2007-08-01,0.5448224565565143
2007-09-01,0.11220310895910346
2007-10-01,0.6438057656739072
2007-11-01,0.8454894385019912
2007-12-01,1.35725115994089
2008-01-01,1.2728092146511043
2008-02-01,1.7909067886606818
2008-03-01,1.448242869978606
2008-04-01,0.5605610118797275
2008-05-01,-0.11765540517029228
2008-06-01,0.8761850233043855
2008-07-01,0.33948790491734143
2008-08-01,1.1569825201030908
2008-09-01,1.2903357530293709
2008-10-01,1.3737018372227199
2008-11-01,1.4810509754168606
2008-12-01,1.2628883909994895
2009-01-01,0.8577627316127233
2009-02-01,1.2781727387373614
2009-03-01,0.37547037369811814
2009-04-01,0.8597928687550449
2009-05-01,-0.1943871911508608
2009-06-01,0.1414957180490505
2009-07-01,0.2711346354708509
2009-08-01,-0.1897696196994053
2009-09-01,0.3366093268772466
2009-10-01,-1.209007339026802
2009-11-01,-0.598968599941079
2009-12-01,-0.6243669878291704
2010-01-01,-0.8439278488446011
2010-02-01,-0.9925066252087844
2010-03-01,-0.5997773501932648
2010-04-01,1.3385638397554573
2010-05-01,1.2635167424812495
2010-06-01,0.5496564431909137
2010-07-01,2.2533794494164328
2010-08-01,2.075222615422886
2010-09-01,2.3001637336611105
2010-10-01,1.8228686504835423
2010-11-01,1.4232726538791274
2010-12-01,2.536785771708856
2011-01-01,1.7708649942971804
2011-02-01,1.8641545100783168
2011-03-01,2.277203435286359
2011-04-01,2.056720296256246
2011-05-01,0.49619888267486645
2011-06-01,0.38639215313422404
2011-07-01,1.2280804077203966
2011-08-01,0.48360645020184273
2011-09-01,1.0659295351112277
2011-10-01,0.8122433206467397
2011-11-01,1.1921593677282598
2011-12-01,2.159334695943092
2012-01-01,0.8577627316127233
2012-02-01,0.32595236030831365
2012-03-01,0.6192823046709639
2012-04-01,-0.27728818737121536
2012-05-01,0.03580816679110644
2012-06-01,-0.6748257322345829
2012-07-01,-0.07063171176105748
2012-08-01,-0.1897696196994053
2012-09-01,0.22440621791814314
2012-10-01,0.36307650738598096
2012-11-01,0.3254845446624571
2012-12-01,-0.5300042188877696
2013-01-01,-0.05533953107168662
2013-02-01,-0.15015782890618934
2013-03-01,1.350718097589501
2013-04-01,0.2613291550043422
2013-05-01,1.1100531705200252
2013-06-01,1.774138618616503
2013-07-01,0.9546673299349009
2013-08-01,0.23874242478322608
2013-09-01,0.3366093268772466
2013-10-01,-0.02994445421729455
2013-11-01,0.7877111169641923
2013-12-01,0.08335377923152333
2014-01-01,1.1067906214357612
2014-02-01,0.03296147463785667
2014-03-01,-0.8435892811661105
2014-04-01,0.8597928687549768
2014-05-01,0.7263942406167465
2014-06-01,0.2231278630774417
2014-07-01,-0.207338250653883
2014-08-01,-0.8019296832459818
2014-09-01,-0.7293202082339811
2014-10-01,-0.5914029707932109
2014-11-01,-0.8878602076296799
2014-12-01,-0.48282283441704243
2015-01-01,-0.6364046073254578
2015-02-01,0.17945691747312678
2015-03-01,-0.648539736387845
2015-04-01,-0.03790270187097513
2015-05-01,-1.0384368369378996
2015-06-01,-0.8380900222913652
2015-07-01,-1.437697100689002
2015-08-01,-1.5977377658565033
2015-09-01,-1.6830466343861692
2015-10-01,-1.7143200039451714
